nit_id,doc_name,pattern,item_text,quantity,unit,line_no
28811,28811_NIT_Download.txt,spec_sentence,"11KV DG Sets, Fire Water Pump House, 33KV and 11KV Transmission Line,",,,28
28816,28816_cor_28816_1_1.txt,brief_description,CHIMNEY PACKAGE FOR GADARWARA STPP STAGE,,,8
28860,28860_NIT_Download.txt,spec_sentence,"PIPE:BLK, CORTEN,A423GR1,ERW,2MM,40MM",,,186
28868,28868_cor_28868_5_1.txt,spec_sentence,EDDY CRANE PUNE A UPTO 10 MT,,,6624
28868,28868_cor_28868_5_1.txt,spec_sentence,"CONSOLIDATED HOIST SATARA /PUNE * A SATARA UP TO 60 MT HOIST,*PUNE FOR",,,6625
28868,28868_cor_28868_5_1.txt,spec_sentence,ELECTRIC HOIST UPTO 15 MT,,,6626
28868,28868_cor_28868_5_1.txt,spec_sentence,ELECTROTHERAPHY RISHRA A UPTO 15 MT FOR ELECTRIC HOIST ONLY,,,6627
28868,28868_cor_28868_5_1.txt,spec_sentence,HERCULES HOIST RAIGAD A UPTO 15 MT FOR ELECTRIC HOIST ONLY,,,6628
28868,28868_cor_28868_5_1.txt,spec_sentence,PRAYAS ENGG (PBL) V V NAGAR A UPTO 10 MT FOR ELECTRIC HOIST ONLY,,,6631
28868,28868_cor_28868_5_1.txt,spec_sentence,HOIST UPTO 15 MT ONLY. GEARBOX FROM,,,6634
28868,28868_cor_28868_5_1.txt,spec_sentence,CENTURY CRANE ENGINEERS PVT. LTD BALLABHGARH A UP TO 60 MT EOT CRANE,,,6637
28868,28868_cor_28868_5_1.txt,spec_sentence,TRACTEL TIRFOR PALWAL A UPTO 15 MT FOR ELECTRIC HOIST AND,,,6640
28868,28868_cor_28868_5_1.txt,spec_sentence,GRIP ENGINEERS HYDERABAD A 50 MT (GEARBOX FROM NTPC APPROVED,,,6644
28868,28868_cor_28868_5_1.txt,spec_sentence,GRIP ENGINEERS FARIDABAD A UPTO 60 MT ELECTRIC HOIST ONLY,,,6646
28868,28868_cor_28868_5_1.txt,spec_sentence,UNIVERSAL HOIST O FABRIK THANE A CRANE 08 MT & HOIST 60 MT,,,6647
28868,28868_cor_28868_5_1.txt,spec_sentence,MEGA CRANE INDIA PVT LDT COIMBATORE A UP TO 10 MT,,,6649
28868,28868_cor_28868_5_1.txt,spec_sentence,UP TO 55 MT EOT CRANE & EL HOIST 20,,,6651
28868,28868_cor_28868_5_1.txt,spec_sentence,MANGLA HOIST GREATER NOIDA A UP TO 10MT,,,6658
28868,28868_cor_28868_5_1.txt,spec_sentence,2.A EOT CRANE & ELECTRIC HOIST >5 MT,,,6685
28868,28868_cor_28868_5_1.txt,spec_sentence,VALVE-BALL > 100 MM OR CLASS > 800;,,,6881
28868,28868_cor_28868_5_1.txt,spec_sentence,(VALVE- BALL UP TO 100 MM & CLASS 800:CAT-II &,,,6882
28868,28868_cor_28868_5_1.txt,spec_sentence,VALVE-DUAL PLATE CHECK > 600MM OR CLASS >,,,6889
28868,28868_cor_28868_5_1.txt,spec_sentence,300 (VALVE- DUAL PLATE CHECK UP TO 600MM &,,,6890
28868,28868_cor_28868_5_1.txt,spec_sentence,SWIMS TECHNOLOGIES HUBLI A CI/ DI BUTTERFLY VALVE UP TO 1000MM,,,6951
28868,28868_cor_28868_5_1.txt,spec_sentence,CRANE PROCESS FLOW SATARA A UP TO 900MM PN10,,,6982
28868,28868_cor_28868_5_1.txt,spec_sentence,VALVE-BUTTERFLY > 600MM OR CLASS>150,,,6999
28868,28868_cor_28868_5_1.txt,spec_sentence,(VALVE-BUTTERFLY UP TO 600MM & CLASS,,,7000
28868,28868_cor_28868_5_1.txt,spec_sentence,VALVE-PLUG > 100 MM OR CLASS > 800(VALVE,,,7113
28868,28868_cor_28868_5_1.txt,spec_sentence,62 APRON FEEDER WITH DRIBBLE CONVEYOR (1600 TPH RATED)I CHP,,,7708
28868,28868_cor_28868_5_1.txt,spec_sentence,"PHOENIX CONVEYOR BELT KOLKATA A FABRIC BELT UPTO 2200 MM WIDTH,",,,7781
28868,28868_cor_28868_5_1.txt,spec_sentence,"IMASS S.A GREECE A FABRIC BELT UPTO 2400 MM WIDTH ,",,,7784
28868,28868_cor_28868_5_1.txt,spec_sentence,MRF CHENNAI A FABRIC BELT UPTO 1600 MM WIDTH,,,7787
28868,28868_cor_28868_5_1.txt,spec_sentence,SEMPELTRAN NIRLON MUMBAI A FABRIC BELT UPTO 1600 MM WIDTH,,,7788
28868,28868_cor_28868_5_1.txt,spec_sentence,HINDUSTAN RUBBER SILVASA A FABRIC BELT UPTO 1600 MM WIDTH,,,7789
28868,28868_cor_28868_5_1.txt,spec_sentence,NORTHLAND RUBBER SONEPAT A FABRIC BELT UPTO 2200 MM WIDTH.,,,7790
28868,28868_cor_28868_5_1.txt,spec_sentence,SOMI CONVEYOR JODHPUR A FABRIC BELT UPTO 2000 MM WIDTH,,,7791
28868,28868_cor_28868_5_1.txt,spec_sentence,RAVASCO TRANSMISSION LTD. VAPI A FABRIC BELT UPTO 2200 MM WIDTH,,,7792
28868,28868_cor_28868_5_1.txt,spec_sentence,"FORECH CHENNAI A FABRIC BELT UPTO 2000 MM WIDTH ,",,,7841
28868,28868_cor_28868_5_1.txt,spec_sentence,"YOKOHAMA JAPAN A FABRIC BELT UPTO 2400 MM WIDTH ,",,,7846
28868,28868_cor_28868_5_1.txt,spec_sentence,Phonix Cnoveyor belt Kolkata A Upto 2400 MM B/w,,,8064
28868,28868_cor_28868_5_1.txt,spec_sentence,Oriental Rubber Pune A Upto 2000 MM B/w79 Steel Cord Pipe Conveyor (FR Grade) I,,,8065
28868,28868_cor_28868_5_1.txt,spec_sentence,"89 PIPE-SS SEAMLESS II RATNAMANI METALS & TUBES MEHSANA A OD up to 168.3, thick up to 3.4 mm, as per",,,8141
28868,28868_cor_28868_5_1.txt,spec_sentence,PUMP/ FAN/ COMPRESSOR UPTO 6.6KV 750KW,,,8376
28868,28868_cor_28868_5_1.txt,spec_sentence,SCOOP COUPLING & 11 KV 1600 KW FOR OTHER,,,8395
28868,28868_cor_28868_5_1.txt,spec_sentence,UPTO 11 KV 4MW FOR PUMP/FAN/COMPRESSOR,,,8414
28868,28868_cor_28868_5_1.txt,spec_sentence,Vishal Transformer Meerut UP TO 132 KV,,,8734
28868,28868_cor_28868_5_1.txt,spec_sentence,SWITCHGEAR & STRUCTURALS HYDERABAD UP TO 765 KV,,,8758
28868,28868_cor_28868_5_1.txt,spec_sentence,LS CABLE & SYSTEM LTD South Korea Up to 400 KV,,,8819
28868,28868_cor_28868_5_1.txt,spec_sentence,LS CABLE & SYSTEM LTD BHIWADI Up to 132 KV,,,8820
28868,28868_cor_28868_5_1.txt,spec_sentence,Universal Cable Ltd. Satna Upto 132KV only,,,8821
28868,28868_cor_28868_5_1.txt,spec_sentence,H.T. CABLE upto 33KV,,,8822
28868,28868_cor_28868_5_1.txt,spec_sentence,"LT Control Cable 1.1 KV, Type - PVC (incl",,,8861
28868,28868_cor_28868_5_1.txt,spec_sentence,33KV Switchgear located,,,12407
28870,28870_cor_28870_1_1.txt,tender_title,BITUMINOUS PAVEMENT FOR NTECL ASH DYKE BUND ROADS,,,11
28873,28873_cor_28873_1_1.txt,tender_title,Construction of Additional Field Hostel in BRBCL Township at the risk,,,8
28874,28874_NIT_Download.txt,tender_title,Supply and installation of Fire Proof cable Penetration sealing Type A n B,,,486
28875,28875_NIT_Download.txt,tender_title,Supply and installation of complete 9mtr Solar,,,9
28876,28876_NIT_Download.txt,tender_title,"Finishing items in Admin Building at BRBCL, Nabinagar.",,,9
28883,28883_NIT_Download.txt,spec_sentence,80 MW ( in case of ABB/Alstom make Gas Turbine) ISO,,,1379
28883,28883_NIT_Download.txt,spec_sentence,ri Gas Power Station having ISO rating of 142.42 MW at Turbine Inlet,,,1398
28886,28886_NIT_Download.txt,spec_string,"CABLE, PWR, 150MM2, 1C, STRANDED, AL, 11KV , CABLE",,,165
28886,28886_NIT_Download.txt,spec_sentence,"CABLE, PWR, 150MM2, 1C, STRANDED, AL, 11KV , CABLE,",,,165
28886,28886_NIT_Download.txt,spec_string,"CABLE,PWR,240MM2,1C,STRANDED,AL,11KV",,,186
28886,28886_NIT_Download.txt,spec_sentence,"CABLE,PWR,240MM2,1C,STRANDED,AL,11KV",,,186
28886,28886_NIT_Download.txt,spec_string,"CABLE, PWR, 150MM2, 1C, STRANDED, AL, 11KV",,,638
28886,28886_NIT_Download.txt,spec_sentence,"CABLE, PWR, 150MM2, 1C, STRANDED, AL, 11KV",,,638
28886,28886_NIT_Download.txt,spec_sentence,"Cable, Pwr, 240mm2, 1c, Stranded, Al, 11kv",,,1088
28886,28886_NIT_Download.txt,spec_sentence,"CABLE, PWR, 150MM2, 1C, STRANDED, AL, 11KV ( 6000 meter )",,,1090
28886,28886_NIT_Download.txt,spec_string,"CABLE, PWR, 240MM2, 1C, STRANDED, AL, 11KV",,,1169
28886,28886_NIT_Download.txt,spec_sentence,"CABLE, PWR, 240MM2, 1C, STRANDED, AL, 11KV ( 24000 meter )",,,1169
28899,28899_NIT_Download.txt,spec_sentence,"over ""Boiler furnace / Similar areas"" of unit size of 200MW or above, in a Power plant,",,,222
28902,28902_cor_28902_1_1.txt,tender_title,EPC package for Infrastructure development for 4750 MW RE Park,,,8
28904,28904_cor_28904_6_1.txt,brief_description,Balance Works of Barrage and,,,10
28906,28906_NIT_Download.txt,spec_sentence,"number of Boiler to any Thermal power plant of unit size 200 MW or higher, which should",,,13
28906,28906_NIT_Download.txt,spec_sentence,1. Order Copy evidencing Manufacturer & Supplier of Boiler of unit size 200 MW or Higher,,,25
28925,28925_cor_28925_2_1.txt,brief_description,Procurement & Installation of 98 Inch Display System.,,,6
28935,28935_cor_28935_2_1.txt,tender_title,Renovation work at Core 4 Scope APTEL,,,8
28938,28938_NIT_Download.txt,spec_sentence,Cable for Working Voltages up to and Including 1.1 KV as,,,213
28938,28938_NIT_Download.txt,spec_sentence,"M5507326224_ BLT CNV: STL, FR, 1600MM, 1800KN/M, 8MM, 6MM ( 1200 meter )",,,1030
28938,28938_NIT_Download.txt,spec_sentence,for supply of 'steel cord conveyor belt of width 1600 mm or,,,1175
28947,28947_NIT_Download.txt,spec_string,"GASKET,17.5KV,1000A,AREVA , M8752065803LV",,,172
28947,28947_NIT_Download.txt,spec_sentence,"GASKET,17.5KV,1000A,AREVA , M8752065803LV",,,172
28947,28947_NIT_Download.txt,spec_string,"GASKET,3.6KV,2000A,AREVA",,,173
28947,28947_NIT_Download.txt,spec_sentence,"BUSHING,MP and GASKET,3.6KV,2000A,AREVA ,",,,173
28947,28947_NIT_Download.txt,spec_sentence,"TRANSFORMER BUSHING 11KV HV BUSHING 250 A,",,,197
28947,28947_NIT_Download.txt,spec_sentence,"TRANSFORMER BUSHING 1.1 KV LV BUSHING 4000 A,",,,198
28947,28947_NIT_Download.txt,spec_sentence,"TRANSFORMER BUSHING 33KV 630 A, TRANSFORMER",,,199
28947,28947_NIT_Download.txt,spec_sentence,"BUSHING 3.3 KV 630 A, TRANSFORMER BUSHING 3.3 KV",,,200
28947,28947_NIT_Download.txt,spec_sentence,"4000 A, TRANSFORMER BUSHING 17.5 KV 1000 A,",,,201
28947,28947_NIT_Download.txt,spec_sentence,"TRANSFORMER BUSHING 3.6 KV 2000 A, TRANSFORMER",,,202
28947,28947_NIT_Download.txt,spec_sentence,"BUSHING 11 KV 2000 A, TRANSFORMER BUSHING 3.6 KV",,,203
28947,28947_NIT_Download.txt,spec_sentence,"1000 A, TRANSFORMER BUSHING 17.5 KV 1000 A",,,204
28947,28947_NIT_Download.txt,spec_sentence,TRANSFORMER BUSHING 11KV HV,,,206
28947,28947_NIT_Download.txt,spec_sentence,"Distribution Transformer, 3 Phase, 33 KV, > 200 KVA Up to",,,208
28947,28947_NIT_Download.txt,spec_sentence,TRANSFORMER BUSHING 1.1 KV LV,,,212
28947,28947_NIT_Download.txt,spec_sentence,TRANSFORMER BUSHING 33KV 630 A,,,258
28947,28947_NIT_Download.txt,spec_sentence,TRANSFORMER BUSHING 3.3 KV 630 A,,,271
28947,28947_NIT_Download.txt,spec_sentence,"Transformer, 3 Phase, 33 KV, > 200 KVA Up to and including",,,278
28947,28947_NIT_Download.txt,spec_sentence,TRANSFORMER BUSHING 3.3 KV 4000 A,,,284
28947,28947_NIT_Download.txt,spec_sentence,TRANSFORMER BUSHING 17.5 KV 1000 A,,,294
28947,28947_NIT_Download.txt,spec_sentence,TRANSFORMER BUSHING 3.6 KV 2000 A,,,300
28947,28947_NIT_Download.txt,spec_sentence,"3156, Distribution Transformer, 3 Phase, 33 KV, > 200 KVA",,,306
28947,28947_NIT_Download.txt,spec_sentence,TRANSFORMER BUSHING 11 KV 2000 A,,,309
28947,28947_NIT_Download.txt,spec_sentence,TRANSFORMER BUSHING 3.6 KV 1000 A,,,316
28947,28947_NIT_Download.txt,spec_string,"GASKET,17.5KV,1000A,AREVA",,,1444
28947,28947_NIT_Download.txt,spec_sentence,"M8752065802 HV BUSHING,MP And GASKET,17.5KV,1000A,AREVA",,,1444
28947,28947_NIT_Download.txt,spec_sentence,"M8752065803LV BUSHING,MP And GASKET,3.6KV,2000A,AREVA",,,1521
28951,28951_cor_28951_3_1.txt,tender_title,Empanelment of Film Producers,,,55
28952,28952_NIT_Download.txt,spec_sentence,Installation and Commissioning of grid connected 80 MW/320 MWh Battery Energy Storage System,,,38
28952,28952_NIT_Download.txt,spec_sentence,Blocks of 40 MW 160 MWh each) Battery Energy Storage System (BESS) on turnkey basis.,,,50
28971,28971_NIT_Download.txt,spec_string,"SEAMLESS,SS,A312-TP304L,80S,15MM , PIPE",,,166
28971,28971_NIT_Download.txt,spec_sentence,"PIPE SEAMLESS,SS,A312-TP304L,80S,15MM , PIPE",,,166
28971,28971_NIT_Download.txt,spec_string,"SEAMLESS,SS,A312-TP304L,80S,25MM , PIPE",,,167
28971,28971_NIT_Download.txt,spec_sentence,"SEAMLESS,SS,A312-TP304L,80S,25MM , PIPE SMLS,SS,A312",,,167
28971,28971_NIT_Download.txt,spec_string,"TP304L,80S,32MM , PIPE",,,168
28971,28971_NIT_Download.txt,spec_sentence,"TP304L,80S,32MM , PIPE SEAMLESS,SS,A312",,,168
28971,28971_NIT_Download.txt,spec_string,"TP304L,80S,40MM , PIPE",,,169
28971,28971_NIT_Download.txt,spec_sentence,"TP304L,80S,40MM , PIPE SEAMLESS,SS,A312",,,169
28971,28971_NIT_Download.txt,spec_string,"TP304L,80S,50MM , PIPE",,,170
28971,28971_NIT_Download.txt,spec_sentence,"TP304L,80S,50MM , PIPE SEAMLESS,SS,A312",,,170
28971,28971_NIT_Download.txt,spec_string,"TP304L,40S,80MM , PIPE",,,171
28971,28971_NIT_Download.txt,spec_sentence,"TP304L,40S,80MM , PIPE SS,A312-TP304L,SMLS,40S,100MM",,,171
28971,28971_NIT_Download.txt,spec_sentence,", PIPE ASTM A312,9.53MM,141.3MM,125NB ,",,,172
28971,28971_NIT_Download.txt,spec_string,"PIPE,TP304L,SMLS,SCH80,5000-7000MM,20MM , PIPE",,,173
28971,28971_NIT_Download.txt,spec_sentence,"PIPE,TP304L,SMLS,SCH80,5000-7000MM,20MM , PIPE ASTM",,,173
28971,28971_NIT_Download.txt,spec_sentence,"PIPE: SEAMLESS,SS,A312-TP304L,80S,15MM",,,194
28971,28971_NIT_Download.txt,spec_sentence,"PIPE SEAMLESS,SS,A312-TP304L,80S,15MM",,,662
28971,28971_NIT_Download.txt,spec_sentence,"Pipe Seamless,ss,a312-tp304l,80s,25mm",,,1172
28971,28971_NIT_Download.txt,spec_sentence,"Pipe Smls,ss,a312-tp304l,80s,32mm",,,1175
28971,28971_NIT_Download.txt,spec_sentence,"Pipe Seamless,ss,a312-tp304l,80s,40mm",,,1178
28971,28971_NIT_Download.txt,spec_sentence,"Pipe Seamless,ss,a312-tp304l,80s,50mm",,,1181
28971,28971_NIT_Download.txt,spec_sentence,"Pipe Seamless,ss,a312-tp304l,40s,80mm",,,1185
28971,28971_NIT_Download.txt,spec_sentence,"Pipe Ss,a312-tp304l,smls,40s,100mm",,,1188
28971,28971_NIT_Download.txt,spec_sentence,"Pipe Astm A312,9.53mm,141.3mm,125nb",,,1191
28971,28971_NIT_Download.txt,spec_sentence,"Pipe,tp304l,smls,sch80,5000-7000mm,20mm",,,1194
28971,28971_NIT_Download.txt,spec_sentence,"Pipe Astm A312,12.70mm,323.9mm,300nb",,,1197
28971,28971_NIT_Download.txt,spec_string,"PIPE,TP304L,SMLS,SCH80,5000-7000MM,20MM",,,1811
28974,28974_cor_28974_2_1.txt,brief_description,"Loading, Transportation, Unloading",,,169
28976,28976_cor_28976_3_1.txt,brief_description,Coal Transportation from CBCMP,,,10
28982,28982_NIT_Download.txt,spec_sentence,"M8702181506N TRANSFORMER,2MVA,11 .433KV DYN1 AN ,",,,166
28982,28982_NIT_Download.txt,spec_sentence,"M8702182509 TRANSFORMER-2MVA,11 0.433KV,DYN1,TYPE",,,167
28982,28982_NIT_Download.txt,spec_sentence,"M8702181506N TRANSFORMER,2MVA,11 .433KV DYN1 AN",,,654
28982,28982_NIT_Download.txt,spec_sentence,"M8702182509 TRANSFORMER-2MVA,11 0.433KV,DYN1,TYPE 2",,,1130
28989,28989_NIT_Download.txt,spec_sentence,number of steam Turbine with Minimum Unit Size of 200 MW,,,70
28996,28996_NIT_Download.txt,spec_sentence,set of Scaﬀolding suitable for “200 MW Boiler or higher size,,,1247
29012,29012_cor_29012_2_1.txt,brief_description,EOI for Issue of Pond Ash from NTPC,,,7
29013,29013_cor_29013_2_1.txt,brief_description,Issue of DRY FLY ASH from NTPC Sipat,,,7
29016,29016_NIT_Download.txt,spec_sentence,1.1.2 The bidder should have executed contract for supply of Transformer of voltage rating 6.6 KV or abov,,,1365
29018,29018_NIT_Download.txt,spec_sentence,Procurement Of 65mm Crushed Stone Ballast For NTPC LARA ( 30000 cubic meter ),,,1042
29021,29021_NIT_Download.txt,spec_sentence,10: M8595280375 LIGHTING ARRESTER: 400 KV: SA WITH,,,166
29021,29021_NIT_Download.txt,spec_sentence,10: M8595280375 LIGHTING ARRESTER: 400 KV: SA WITH POLYMER ( 30 the number pi,,,941
29038,29038_NIT_Download.txt,spec_sentence,"bags of capacity 50 kg each, conforming to IS 11652: 1986, bearing",,,1112
29050,29050_NIT_Download.txt,spec_sentence,"Title SITC of 33/61 MVA, 132/11.5KV Station Transformer for NTPC Rihand",,,61
29050,29050_NIT_Download.txt,spec_sentence,"Work Description SITC of 33/61 MVA, 132/11.5KV Station Transformer for NTPC Rihand",,,62
29056,29056_cor_29056_3_1.txt,brief_description,CONSTRUCTION OF AN ALTERNATE,,,10
29070,29070_NIT_Download.txt,spec_string,"PIPE, BLK, CS, FE410, 9.5MM, 508MM",,,166
29070,29070_NIT_Download.txt,spec_sentence,"M1613517861_ PIPE, BLK, CS, FE410, 9.5MM, 508MM,",,,166
29070,29070_NIT_Download.txt,spec_sentence,XLPE Cable for Working Voltages up to and Including 1.1 KV,,,212
29070,29070_NIT_Download.txt,spec_string,"PIPE, BLK, CS, FE410, 9.5MM, 508MM, 500MM",,,1072
29070,29070_NIT_Download.txt,spec_sentence,"M1613517861_ PIPE, BLK, CS, FE410, 9.5MM, 508MM, 500MM ( 4000 meter )",,,1072
29072,29072_cor_29072_1_1.txt,brief_description,Procurement of Display Systems along,,,7
29079,29079_cor_29079_5_1.txt,brief_description,CONSTRUCTION OF ACCESS OR,,,10
29080,29080_NIT_Download.txt,spec_sentence,"number of Boiler to any Thermal power plant of unit size 200 MW or higher, which should",,,15
29080,29080_NIT_Download.txt,spec_sentence,1. Order Copy evidencing Manufacturer & Supplier of Boiler of unit size 200 MW or,,,27
29081,29081_NIT_Download.txt,spec_sentence,Boiler manufacturer manufacturing and supplying boilers for a power plant of 200 MW,,,37
29081,29081_NIT_Download.txt,spec_sentence,any Boiler manufacturer manufacturing and supplying boilers for a power plant of 200 MW,,,87
29104,29104_NIT_Download.txt,spec_sentence,“Gas based Combined Cycle power plant having Gas Turbine of 88 MW & above”,,,129
29105,29105_NIT_Download.txt,spec_sentence,(RFS) document for setting up of 250 MW/500 MWh STU connected standalone Battery,,,22
29105,29105_NIT_Download.txt,spec_sentence,"total installed Battery Energy Storage capacity of 41,650 MW/208,250 MWh as part of",,,345
29105,29105_NIT_Download.txt,spec_sentence,250 MW/ 500 MWh STU-Connected Battery Energy Storage System,,,2441
29105,29105_NIT_Download.txt,spec_sentence,[Under RfS for Procurement of 250 MW /500 MWh Battery Energy Storage,,,2444
29119,29119_cor_29119_1_1.txt,brief_description,Expression of Interest for Identification of Domestic vendors,,,3
29143,29143_NIT_Download.txt,spec_sentence,'CONVEYOR BELT (NN / EP) ABOVE 1400MM WIDTH AND UPTO 1600MM WIDTH” with,,,2136
29144,29144_NIT_Download.txt,spec_sentence,Converyer Belt 1400mm,,,202
29144,29144_NIT_Download.txt,spec_sentence,"Including 1.1 KV as per IS 7098 (Part 1), leather belt, V",,,223
29144,29144_NIT_Download.txt,spec_sentence,'CONVEYOR BELT (NN/ EP) UPTO 1400MM WIDTH” with Average Annual Turnover (A,,,3580
29152,29152_NIT_Download.txt,spec_sentence,2.0 MEG DESCRIPTION CONVEYOR BELT (NN/ EP) up to 1400 mm width,,,10
29152,29152_NIT_Download.txt,spec_sentence,1. The applicant should be manufacturer of NN/EP Conveyor Belt of width 1400 mm or higher,,,13
29152,29152_NIT_Download.txt,spec_sentence,"belt of width 1400 mm or higher and strength 800 kN/Mtr and above, to actual user(s) or",,,15
29153,29153_NIT_Download.txt,spec_sentence,2.0 MEG DESCRIPTION CONVEYOR BELT (NN / EP) above 1400 mm width,,,10
29153,29153_NIT_Download.txt,spec_sentence,1. The applicant should be manufacturer of NN/EP Conveyor Belt of width 1600 mm or higher,,,14
29153,29153_NIT_Download.txt,spec_sentence,"belt of width 1600 mm or higher and strength 800 kN/Mtr and above, to actual user(s) or",,,16
29154,29154_NIT_Download.txt,spec_sentence,2.0 MEG DESCRIPTION CONVEYOR BELT (NN/ EP) above 1600 mm width,,,10
29154,29154_NIT_Download.txt,spec_sentence,1. The applicant should be manufacturer of NN/EP Conveyor Belt of width 1800 mm or higher,,,14
29154,29154_NIT_Download.txt,spec_sentence,"belt of width 1800 mm or higher and strength 800 kN/Mtr and above, to actual user(s) or",,,16
29155,29155_NIT_Download.txt,spec_sentence,2.0 MEG DESCRIPTION CONVEYOR BELT (NN/ EP) above 1800 mm width,,,10
29155,29155_NIT_Download.txt,spec_sentence,1. The applicant should be manufacturer of NN/EP Conveyor Belt of width 2000 mm or higher,,,14
29155,29155_NIT_Download.txt,spec_sentence,"belt of width 2000 mm or higher and strength 800 kN/Mtr and above, to actual user(s) or",,,16
29156,29156_NIT_Download.txt,spec_sentence,2.0 MEG DESCRIPTION CONVEYOR BELT (NN/ EP) above 2000 mm width,,,10
29156,29156_NIT_Download.txt,spec_sentence,1. The applicant should be manufacturer of NN/EP Conveyor Belt of width 2200 mm or higher,,,14
29156,29156_NIT_Download.txt,spec_sentence,"belt of width 2200 mm or higher and strength 800 kN/Mtr and above, to actual user(s) or",,,16
29160,29160_NIT_Download.txt,spec_sentence,400 KV CURRENT TRANSFORMER,,,125
29160,29160_NIT_Download.txt,spec_sentence,transformer shall have cantilever strength of not less than 500kg for,,,142
29160,29160_NIT_Download.txt,spec_sentence,Oil Filled Current Transformer upto 00KV,,,384
29162,29162_NIT_Download.txt,spec_string,"HRH, CRH, DRUM, SEPRATOR, AUX.",,,142
29162,29162_NIT_Download.txt,spec_sentence,executing such works in a Boiler of minimum 200 MW capacity or,,,162
29162,29162_NIT_Download.txt,spec_sentence,Boiler of minimum 200 MW capacity.,,,165
29170,29170_cor_29170_1_1.txt,brief_description,Procurement of ASTM 517 GR-F Steel,,,10
29173,29173_NIT_Download.txt,spec_sentence,"IEC:60296 to Transformer Manufacturer(s) of 220 KV or higher class, prior to date of",,,226
29181,29181_NIT_Download.txt,spec_sentence,"pipe minimum 2500 meters of minimum 200 mm diameter, in any continuous 365 days period in the",,,18
29181,29181_NIT_Download.txt,spec_sentence, Casing: MS-pipe as per IS 1239 / 3589 having thickness 6 mm,,,86
29192,29192_NIT_Download.txt,spec_sentence,"number of Boiler to any Thermal power plant of unit size 200 MW or higher, which should",,,15
29192,29192_NIT_Download.txt,spec_sentence,1. Order Copy evidencing Manufacturer & Supplier of Boiler of unit size 200 MW or,,,27
29195,29195_NIT_Download.txt,spec_sentence,Boiler manufacturer manufacturing and supplying boilers for a power plant of 200 MW,,,40
29199,29199_NIT_Download.txt,spec_sentence,BOILER & AUXILIARIES OF TWO UNITS OF 200 MW BOILER,,,110
29199,29199_NIT_Download.txt,spec_sentence,of at least two numbers of boiler (Unit) with rating 200 MW or above during,,,257
29221,29221_NIT_Download.txt,spec_sentence,"Procurement of 250 MVA, 18/ 400 KV Generator Transformer for",,,10
29221,29221_NIT_Download.txt,spec_sentence,"Procurement of 250 MVA, 18/ 400 KV Generator Transformer for Stage - I of",,,21
29221,29221_NIT_Download.txt,spec_sentence,"MVA, 18/ 400 KV Generator Transformer for Stage - I of RSTPS) | Meeting-Join",,,39
29221,29221_NIT_Download.txt,spec_sentence,"Title Procurement of 250 MVA, 18/ 400 KV Generator Transformer for Stage - I",,,331
29221,29221_NIT_Download.txt,spec_sentence,"Work Description Procurement of 250 MVA, 18/ 400 KV Generator Transformer for Stage - I of RSTPS",,,332
29226,29226_NIT_Download.txt,spec_sentence,"Rewinding of 3 ph 2 HP motor , Rewinding of 3 ph 1 HP",,,166
29226,29226_NIT_Download.txt,spec_sentence,"2HP motor , Dosing Pump , Rewinding of 3 ph 1.5 HP motor ,",,,168
29226,29226_NIT_Download.txt,spec_sentence,"Rewinding of 3 ph 5 HP motor , Rewinding of 3 ph 3 HP",,,169
29226,29226_NIT_Download.txt,spec_sentence,"MOTOR , Rewinding of 3 ph 2 HP MOTOR , Rewinding of 3 ph",,,170
29226,29226_NIT_Download.txt,spec_sentence,"3HP motor , SODIUM HYPOCHLORIDE , LIME , UREA , Alum ,",,,171
29226,29226_NIT_Download.txt,spec_string,"DAP , JAGGERY , POLYELECTROLITE , FOG , DO , BLOWER",,,172
29226,29226_NIT_Download.txt,spec_sentence,Rewinding Of 3 Ph 2 HP Motor,,,1260
29226,29226_NIT_Download.txt,spec_sentence,Rewinding Of 3 Ph 1 HP Motor,,,1334
29226,29226_NIT_Download.txt,spec_sentence,Rewinding Of 3 Ph 2HP Motor,,,1481
29226,29226_NIT_Download.txt,spec_sentence,Rewinding Of 3 Ph 1.5 HP Motor,,,1628
29226,29226_NIT_Download.txt,spec_sentence,Rewinding Of 3 Ph 5 HP Motor,,,1701
29226,29226_NIT_Download.txt,spec_sentence,Rewinding Of 3 Ph 3 HP MOTOR,,,1775
29226,29226_NIT_Download.txt,spec_sentence,Rewinding Of 3 Ph 3HP Motor,,,2069
29235,29235_NIT_Download.txt,spec_sentence,hydrogen / water cooled rotor of 500MW or above capacity. These steam turbine and generator should have been,,,254
29235,29235_NIT_Download.txt,spec_sentence,"generator set of 500 MW or above capacity, which should have been in successful operation for a period of",,,486
29235,29235_NIT_Download.txt,spec_sentence,no. 500MW or above pulverized Coal fired Supercritical/Sub-critical unit comprising of at least steam generator and,,,1293
29235,29235_NIT_Download.txt,spec_sentence,"supercritical unit, with minimum unit rating of 500 MW, consisting of steam generator and steam turbine generator",,,2070
29235,29235_NIT_Download.txt,spec_sentence,"type unit, with minimum unit rating of 200 MW consisting of steam generator and steam turbine generator sets along",,,2076
29235,29235_NIT_Download.txt,spec_sentence,unit rating of 500 MW consisting of steam generator and steam turbine generator sets along with their auxiliaries,,,2102
29262,29262_NIT_Download.txt,spec_sentence,"total installed Battery Energy Storage capacity of 41,650 MW/208,250 MWh as part of",,,340
29262,29262_NIT_Download.txt,spec_sentence,125 MW/ 500 MWh STU-Connected Battery Energy Storage System,,,2420
29262,29262_NIT_Download.txt,spec_sentence,[Under RfS for Procurement of 125 MW /500 MWh Battery Energy Storage,,,2423
29278,29278_Click_here_to_view_Salient_Technical_Features.txt,spec_sentence,"TRANSFORMER, 33 KV HT AND 415 V LT SWITCHGEARS FOR NGEL GREEN",,,9
29278,29278_Click_here_to_view_Salient_Technical_Features.txt,spec_sentence,"KV POWER TRANSFORMER, 33 KV HT AND 415 V LT",,,27
29278,29278_Click_here_to_view_Salient_Technical_Features.txt,spec_sentence,"TRANSFORMER, 33 KV HT AND 415 V LT SWITCHGEARS,",,,31
29278,29278_NIT_Download.txt,spec_sentence,"TRANSFORMER, 33 KV HT AND 415 V LT SWITCHGEARS FOR NGEL",,,2
29315,29315_cor_29315_1_1.txt,brief_description,Comprehensive Operation and,,,10
29318,29318_NIT_Download.txt,spec_sentence,"Commissioning of 15.75/230 KV, 195 MVA, 3phase Steam Turbine Generator",,,39
29318,29318_NIT_Download.txt,spec_sentence,"Work Description Supply, Erection and Commissioning of 15.75/230 KV, 195 MVA, 3phase Steam Turbine Generator Transformer",,,332
29319,29319_Click_here_to_view_Salient_Technical_Features.txt,spec_sentence,coupled with 6 MW /24 MWhr Battery Energy Storage System (BESS) on turnkey basis.,,,9
29319,29319_Click_here_to_view_Salient_Technical_Features.txt,spec_sentence,connected 6 MW floating solar PV project coupled with 6 MW /24 MWhr Battery,,,23
29319,29319_NIT_Download.txt,spec_sentence,with 6 MW /24 MWhr Battery Energy Storage System (BESS) at ABVTPS,,,11
29319,29319_NIT_Download.txt,spec_sentence,Project coupled with 6 MW /24 MWhr Battery Energy Storage System,,,24
29319,29319_cor_29319_4_1.txt,spec_sentence,PROJECT COUPLED WITH 6 MW /24 MWHR BATTERY ENERGY,,,2
29319,29319_cor_29319_4_1.txt,spec_sentence,with 6 MW /24 MWhr Battery Energy Storage System (BESS) at ABVTPS Project of CSPGCL”.,,,99
29319,29319_cor_29319_4_1.txt,spec_sentence,project coupled with 6 MW /24 MWhr Battery Energy Storage System (BESS) on turnkey,,,103
29319,29319_cor_29319_4_1.txt,spec_sentence,PV PROJECT COUPLED WITH 6 MW /24 MWHR BATTERY ENERGY STORAGE SYSTEM,,,211
29319,29319_cor_29319_4_1.txt,spec_sentence,Development of 6 MW Floating Solar PV Project coupled with 6 MW /24 MWhr Battery,,,527
29337,29337_cor_29337_1_1.txt,brief_description,Expression of Interest for Deployment,,,10
29340,29340_NIT_Download.txt,spec_sentence,supervised the commissioning of VFD system which is driving more than one motor of 0.70MW each,,,25
29345,29345_NIT_Download.txt,spec_sentence,7.1.1 Bidder should be a manufacturer of 33 KV or above rating Switchgear with,,,123
29369,29369_cor_29369_1_1.txt,brief_description,Rate Contract for PAN NTPC,,,10
29372,29372_NIT_Download.txt,spec_string,"MOTOR,415V,S4,80L,4,B5,F,0.75KW , MOTOR,SQ",,,167
29372,29372_NIT_Download.txt,spec_string,"MOTOR,S4,112M,4,B5,F,3.7KW , MTR",,,172
29372,29372_NIT_Download.txt,spec_string,"SCIM,18.5KW,415V,4P,180M,B3,S1,F , MOTOR,EE",,,176
29372,29372_NIT_Download.txt,spec_string,"MOTOR,IND,415VAC,180L,4P,B3,22KW",,,178
29372,29372_NIT_Download.txt,spec_string,"MOTOR,IND,415VAC,3PH,DW225S,960RPM,30KW , MTR",,,179
29372,29372_NIT_Download.txt,spec_string,"MOTOR,IND,415VAC,200L,4P,B5,30KW , MOTOR,SQL",,,181
29372,29372_NIT_Download.txt,spec_string,"MOTOR,IND,415VAC,280M,6P,B35,55KW , MOTOR,SQ",,,184
29372,29372_NIT_Download.txt,spec_string,"SCIM,415V,315SM,B35,F,2980RPM,132KW , MOTOR,SQ",,,189
29372,29372_NIT_Download.txt,spec_string,"MOTOR,415V,S4,80L,4,B5,F,0.75KW, MOTOR,SQ",,,233
29372,29372_NIT_Download.txt,spec_string,"MOTOR,S4,112M,4,B5,F,3.7KW, MTR",,,238
29372,29372_NIT_Download.txt,spec_string,"SCIM,18.5KW,415V,4P,180M,B3,S1,F, MOTOR,EE",,,242
29372,29372_NIT_Download.txt,spec_string,"MOTOR,IND,415VAC,3PH,DW225S,960RPM,30KW, MTR",,,245
29372,29372_NIT_Download.txt,spec_string,"MOTOR,IND,415VAC,200L,4P,B5,30KW, MOTOR,SQL",,,247
29372,29372_NIT_Download.txt,spec_string,"MOTOR,IND,415VAC,280M,6P,B35,55KW, MOTOR,SQ",,,250
29372,29372_NIT_Download.txt,spec_string,"SCIM,415V,315SM,B35,F,2980RPM,132KW, MOTOR,SQ",,,255
29372,29372_NIT_Download.txt,spec_string,"MOTOR,415V,S4,80L,4,B5,F,0.75KW",,,268
29372,29372_NIT_Download.txt,spec_sentence,Cable for Working Voltages up to and Including 1.1 KV as,,,289
29372,29372_NIT_Download.txt,spec_string,"MOTOR,S4,112M,4,B5,F,3.7KW",,,337
29372,29372_NIT_Download.txt,spec_sentence,"up to and including 1 KV, DC WINCH MOTOR, High End",,,435
29372,29372_NIT_Download.txt,spec_string,"MOTOR,IND,415VAC,3PH,DW225S,960RPM,30KW",,,442
29372,29372_NIT_Download.txt,spec_sentence,"and Including 1.1 KV as per IS 7098 (Part 1), Motor Boat (UP",,,448
29372,29372_NIT_Download.txt,spec_string,"MOTOR,IND,415VAC,200L,4P,B5,30KW",,,472
29372,29372_NIT_Download.txt,spec_string,"MOTOR,IND,415VAC,280M,6P,B35,55KW",,,502
29376,29376_NIT_Download.txt,spec_sentence,"capacity (1000 mm dia, 12 mm thick, approx. 4 km route length) MS pipe with wrapping",,,64
29376,29376_NIT_Download.txt,spec_sentence,pipes and bends for BA slurry Pipe 20 mm thick cast basalt line d MS fitting ( MS shell of,,,73
29414,29414_NIT_Download.txt,spec_sentence,"pipe minimum 2500 meters of minimum 200 mm diameter, in any continuous 365 days period in the",,,18
29414,29414_NIT_Download.txt,spec_sentence, Casing: MS-pipe as per IS 1239 / 3589 having thickness 6 mm,,,86
29415,29415_NIT_Download.txt,spec_sentence,Boiler*/Turbine**/BOPs*** of 500 MW or above capacity Power Plant for a period of,,,14
29415,29415_NIT_Download.txt,spec_sentence,of Boiler* /Turbine**' / 'BOPs***' of Power Plant having capacity 500MW or above within,,,20
29415,29415_NIT_Download.txt,spec_sentence,Boiler*/Turbine**/BOPs*** of 500 MW or,,,444
29416,29416_NIT_Download.txt,spec_sentence,Boiler*/Turbine**/BOPs*** of 500 MW or above capacity Power Plant for a,,,16
29416,29416_NIT_Download.txt,spec_sentence,unit of Boiler* /Turbine**' / 'BOPs***' of Power Plant having capacity 500MW or,,,23
29416,29416_NIT_Download.txt,spec_sentence,Boiler*/Turbine**/BOPs*** of 500 MW or above capacity,,,92
29422,29422_NIT_Download.txt,spec_sentence,number of steam Turbine with Minimum Unit Size of 200 MW,,,70
29441,29441_Click_here_to_view_Salient_Technical_Features.txt,spec_sentence,"Evacuation system upto owner's 33 KV pooling switchgear , Cables, Communication",,,42
29441,29441_NIT_Download.txt,spec_sentence,commissioning and Integration with Owner's 33 KV pooling switchgear.,,,150
29457,29457_NIT_Download.txt,tender_title,Design Supply Erection Commissioning of DM water polisher unit for H2 Plant CTM,,,8
29462,29462_NIT_Download.txt,spec_sentence,Revival of bus duct pressurizing system of 16.5 KV BHEL make generator bus,,,10
29462,29462_NIT_Download.txt,spec_sentence,Pressurization System for Generator /Isolated Phase Bus duct in Unit of 200 MW or,,,122
29482,29482_NIT_Download.txt,spec_sentence,Title DEVELOPMENT OF 3 MW GRID CONNECTED ROOF TOP SOLAR POWER PROJECT IN BEHIND THE METER,,,120
29482,29482_NIT_Download.txt,spec_sentence,Work Description DEVELOPMENT OF 3 MW GRID CONNECTED ROOF TOP SOLAR POWER PROJECT IN BEHIND THE METER,,,122
29502,29502_NIT_Download.txt,spec_sentence,upplied at least one set of Scaffolding suitable for “200 MW Boiler or,,,1330
29507,29507_NIT_Download.txt,spec_sentence,XLPE Cable for Working Voltages up to and Including 1.1 KV,,,209
29507,29507_NIT_Download.txt,spec_sentence,"M4801164756_ _ TUBE, STRT, AS, A213-T91, 51MM, 7.1MM, 4-7M ( 2000 meter )",,,1244
29507,29507_NIT_Download.txt,spec_sentence,"M4801164925_ TUBE, STRT, AS, A213-T91, 54MM, 4MM ( 500 meter )",,,1325
29514,29514_NIT_Download.txt,spec_sentence,'CONVEYOR BELT (NN/ EP) UPTO 1400MM WIDTH” with Average Annual Turnover (A,,,1697
29519,29519_NIT_Download.txt,spec_sentence,"Copper Tube 104.9mm-OFB, XLPE Cable for Working",,,281
29521,29521_NIT_Download.txt,spec_sentence,"100MM , 20_ M1616254395_ PIPE: IS1239-1 MEDIUM, GLV,",,,167
29521,29521_NIT_Download.txt,spec_sentence,"M1616254395-PIPE: IS1239-1 MEDIUM,GLV,ERW,PL,125MM",,,188
29521,29521_NIT_Download.txt,spec_sentence,"10_ M1616248370_ PIPE: IS1239-1 MEDIUM, GLV, ERW, PL, 100MM ( 1000 meter )",,,1108
29521,29521_NIT_Download.txt,spec_sentence,"20_ M1616254395_ PIPE: IS1239-1 MEDIUM, GLV, ERW, PL, 125MM ( 300 meter )",,,1221
29521,29521_NIT_Download.txt,spec_sentence,16MEG-23 - MS Pipe / Tube (15mm,,,1349
29528,29528_NIT_Download.txt,spec_sentence,XLPE Cable for Working Voltages up to and Including 1.1 KV,,,208
29532,29532_NIT_Download.txt,spec_string,"PIPE, BLK, CS, FE410, 9.5MM, 457MM",,,166
29532,29532_NIT_Download.txt,spec_sentence,"10_ M1613514555_ PIPE, BLK, CS, FE410, 9.5MM, 457MM,",,,166
29532,29532_NIT_Download.txt,spec_sentence,Cable for Working Voltages up to and Including 1.1 KV as,,,208
29532,29532_NIT_Download.txt,spec_string,"PIPE, BLK, CS, FE410, 9.5MM, 457MM, 450MM",,,1171
29532,29532_NIT_Download.txt,spec_sentence,"10_ M1613514555_ PIPE, BLK, CS, FE410, 9.5MM, 457MM, 450MM ( 4000 meter )",,,1171
29535,29535_cor_29535_4_1.txt,brief_description,Empanelment of Consulting Agencies,,,10
29549,29549_NIT_Download.txt,spec_sentence,b. The applicant should have supplied at least 1000 meter of HDPE Pipes having minimum 100 mm diameter,,,16
29553,29553_NIT_Download.txt,spec_sentence,Contractor enlistment for Overhauling of TDBFP drive turbine for 490 MW,,,8
29553,29553_NIT_Download.txt,spec_sentence,NAME OF CEG: Overhauling of TDBFP drive turbine for 490 MW units and above,,,52
29553,29553_NIT_Download.txt,spec_sentence,Overhauling of drive turbine of TDBFP for 490 MW power generation units or,,,57
29553,29553_NIT_Download.txt,spec_sentence,of Steam Turbine (any cylinder) of 60 MW or above capacity power plants during,,,64
29553,29553_NIT_Download.txt,spec_sentence,TDBFP drive turbine for 490 MW,,,134
29558,29558_NIT_Download.txt,spec_sentence,commissioning) of Steam Turbine/Turbo Generator of capacity 60 MW,,,179
29560,29560_NIT_Download.txt,spec_sentence,experience of executing such works in a Boiler of minimum 200 MW,,,184
29576,29576_NIT_Download.txt,spec_sentence,Air Pressurization System for Generator /Isolated Phase Bus duct in Unit of 200 MW,,,123
29577,29577_NIT_Download.txt,spec_sentence,Air Pressurization System for Generator /Isolated Phase Bus duct in Unit of 200 MW,,,123
29596,29596_NIT_Download.txt,spec_sentence,mm; we propose to upgrade the system with a 400 mm electrode spacing,,,80
29603,29603_NIT_Download.txt,spec_sentence,1. Power Transformer (66 KV and above): Core shall be,,,793
29612,29612_NIT_Download.txt,spec_sentence,ROTOR STAND FOR 500 MW GENERATOR FOR NTPC KORBA,,,166
29612,29612_NIT_Download.txt,spec_sentence,"Rotor for 19.5 MW Steam Turbine Generator (BHEL), Diesel",,,206
29612,29612_NIT_Download.txt,spec_sentence,Rotor for 19.5 MW Steam Turbine Generator (BHEL),,,236
29612,29612_NIT_Download.txt,spec_sentence,ROTOR STAND FOR 500 MW GENERATOR FOR NTPC KORBA ( 1 pieces ),,,1039
29616,29616_cor_29616_1_1.txt,brief_description,Construction of Road from NTPC,,,10
29619,29619_NIT_Download.txt,spec_sentence,"450MM , M2430725562: ELECTRODE-HARD FCNG,",,,167
29619,29619_NIT_Download.txt,spec_sentence,"ELECTRODE-HARD FCNG,TUBULAR,HI TMP,400MM",,,188
29619,29619_NIT_Download.txt,spec_sentence,"M2430715563: ELECTRODE-HARD FCNG, TUBULR, 6.3X350-450MM ( 300 kilogram )",,,922
29619,29619_NIT_Download.txt,spec_sentence,"M2430725562: ELECTRODE-HARD FCNG, TUBULAR, HI TMP, 400MM ( 900 kilogram )",,,1003
29620,29620_cor_29620_1_1.txt,spec_sentence,interconnection to 33 KV Pooling switchgear in CMCS as per specification.,,,88
29626,29626_NIT_Download.txt,spec_sentence,Project with 50 MW/200 MWh Battery Energy Storage System (BESS) in the state of,,,18
29657,29657_NIT_Download.txt,spec_sentence,"a) One (1) number buried Make up water pipe (900mm dia, 24 km route length",,,45
29657,29657_NIT_Download.txt,spec_sentence,"b) One (1) number buried Make up water pipe (900mm dia, 4 km route length Mild",,,50
29657,29657_NIT_Download.txt,spec_sentence,"Steel pipe with wrapping coating + 800mm nominal diameter, 20km route",,,51
29670,29670_NIT_Download.txt,spec_sentence,"pipe minimum 2500 meters of minimum 200 mm diameter, in any continuous 365 days period in the",,,18
29670,29670_NIT_Download.txt,spec_sentence, Casing: MS-pipe as per IS 1239 / 3589 having thickness 6 mm,,,86
29679,29679_NIT_Download.txt,spec_sentence,Boiler manufacturer manufacturing and supplying boilers for a power plant of 200 MW,,,40
29682,29682_NIT_Download.txt,spec_sentence,of gas to the DCP vessel at not less than 14 kg/cm2 pressure. Arrangement will be made to prevent back flow,,,127
29682,29682_NIT_Download.txt,spec_sentence,system with strobe should be provided. A light Bar of min 1700mm long operated on 12/24 Volts battery,,,318
29682,29682_NIT_Download.txt,spec_sentence,5. 1/2 INCH BALL VALVE-02 NOS,,,482
29682,29682_NIT_Download.txt,spec_sentence,Rosenbauer or equivalent (CE certified/ UL listed) pump with a discharge capacity of 4000 lpm @ 10 kg/cm2,,,620
29682,29682_NIT_Download.txt,spec_sentence,"the pump, but not less than 140 mm. The inlet shall be of male round-threaded type & provided in such a",,,656
29682,29682_NIT_Download.txt,spec_sentence,strainer. The connection from the water tank to the pump shall be suitably sized (min 150 mm) to allow full,,,658
29682,29682_NIT_Download.txt,spec_sentence,"above the water capacity. The tank sha, be fabricated out of ss 316 prates of min. 5 mm thick for the bottom",,,769
29682,29682_NIT_Download.txt,spec_sentence,& 4 mm for the sides. The top & baffle plates shall be of 3 mm' The tank shall be of welded construction &,,,770
29682,29682_NIT_Download.txt,spec_sentence,The tank shall have a filling orifice of 250 mm and an inspection & maintenance manhole of 450 mm at the,,,798
29682,29682_NIT_Download.txt,spec_sentence,provided on the sides of the tank terminating in filling connections of 63mm male instantaneous couplings,,,802
29682,29682_NIT_Download.txt,spec_sentence,A 50mm diameter drain line with a ball/ butterfly valve shall also be provided to drain the tank for,,,810
29682,29682_NIT_Download.txt,spec_sentence,maintenance/ cleaning/ repairs etc. A cleaning hole of 250mm shall be provided at the bottom of the tank &,,,811
29682,29682_NIT_Download.txt,spec_sentence,pipe shall be of 200 mm diameter. This is to ensure that the tank does not get unnecessarily pressurized. The,,,822
29682,29682_NIT_Download.txt,spec_sentence,"Tank shall be of 500 litres, fabricated from 3 mm SS 3161 plates only & die-pressed on all sides to ensure",,,878
29682,29682_NIT_Download.txt,spec_sentence,only. Bottom of tank shall be sloped towards the rear. lt shall have a filling orifice of 150 mm & an inspection,,,881
29682,29682_NIT_Download.txt,spec_sentence,manhole of 450 mm. One additional filling connection of 50 mm shall be provided on the sides of the tank,,,882
29682,29682_NIT_Download.txt,spec_sentence,trap with a cleaning hole of 250 mm dia & a 50 mm drain pipe with a valve & plug incorporated in it for,,,884
29682,29682_NIT_Download.txt,spec_sentence,material shall be either GM or SS only. Tank shall be hydraulically tested at 0.5 bar for leakage. Alljoints shall,,,888
29682,29682_NIT_Download.txt,spec_sentence,mm suction female screw coupling and 63 mm male instantaneous (GM),,,1058
29682,29682_NIT_Download.txt,spec_sentence,"41 Petrol Driven Positive Pressure Ventilator ) - 16"" Size - Engine of 5.5 HP, 16"" Fan Size,(Blower",,,1128
29682,29682_NIT_Download.txt,spec_sentence,The pump casing shall be subjected to a hydraulic test pressure of a minimu m 25 kg/cm2.,,,1299
29682,29682_NIT_Download.txt,spec_sentence,• Hose reel (35mm synthetic hose with nozzle length – 50 Meter)- Normal Pressure,,,1405
29682,29682_NIT_Download.txt,spec_sentence,• Hose reel high pressure hose reel of 30 mm (30 meter length ),,,1406
29682,29682_NIT_Download.txt,spec_sentence,7.3 The water tank shall be fabricated out of minimum 5 mm thick SS plates.,,,1488
29684,29684_NIT_Download.txt,spec_sentence,400 KV CURRENT TRANSFORMER,,,125
29684,29684_NIT_Download.txt,spec_sentence,transformer shall have cantilever strength of not less than 500kg for,,,142
29684,29684_NIT_Download.txt,spec_sentence,Oil Filled Current Transformer upto 00KV,,,384
29687,29687_NIT_Download.txt,spec_sentence,12. Valve size up to 900NB / Class up to 4500 / Unit size up to 800MW.,,,28
29691,29691_NIT_Download.txt,spec_sentence,at least one (01) Boiler of unit size 200 MW or above.,,,96
29699,29699_NIT_Download.txt,spec_sentence,200 MW or above unit capacity Turbine during the last 5 years as on,,,26
29708,29708_Click_here_to_view_Salient_Technical_Features.txt,spec_sentence,• The bidder shall offer Wind Turbine Generato rs (WTGs) of minimum capacity of 3.0 MW for the wind farm,,,39
29728,29728_NIT_Download.txt,spec_sentence,Crane (15 MT or Above) and Fork Lift (3MT or Above)”.,,,26
29737,29737_cor_29737_5_1.txt,spec_sentence,"critical, balanced draft, natural circulation Steam Generator having rated capacity of 90 MW 150 MWe or above",,,54
29737,29737_cor_29737_5_1.txt,spec_sentence,"compound, condensing, reheat type of 150 MW or higher capacity and (ii) at least one (1) number of generator of",,,122
29737,29737_cor_29737_5_1.txt,spec_sentence,150 MW or above capacity. These steam turbine and generator should have been in successful operation for a,,,124
29737,29737_cor_29737_5_1.txt,brief_description,"Identiﬁcation of Vendors for Design, Manufacture, Supply, Erection,",,,421
29737,29737_cor_29737_5_1.txt,spec_sentence,of 150 MW or above capacity. These steam turbine and generator should have,,,1053
29737,29737_cor_29737_5_1.txt,spec_sentence,3A.24 Factory /Works where the Steam turbine equal to 150 MW,,,1408
29737,29737_cor_29737_5_1.txt,spec_sentence,3B.10 MW rating of Generator,,,1430
29737,29737_cor_29737_5_1.txt,spec_sentence,natural circulation Steam Generator having rated capacity of 90 MW 150 MWe or above which should have been in,,,2430
29737,29737_cor_29737_5_1.txt,brief_description,"Identification of Vendors for Design, Manufacture, Supply, Erection,",,,2512
29751,29751_NIT_Download.txt,spec_sentence,1.4.4 Pressure meter test set up capable to apply pressure up to 80 kg/sq.cm - One (1),,,130
29756,29756_cor_29756_5_1.txt,spec_sentence,297/676 Does Bidder need to Consider 33KV Cable only as 33kV poles,,,659
29801,29801_NIT_Download.txt,spec_sentence,"& hot vulcanizing) for NN / EP conveyor belt, of be lt width 800 mm or",,,19
29801,29801_NIT_Download.txt,spec_sentence,"hot vulcanizing) for NN / EP conveyor belt, of belt width 800 mm",,,68
29805,29805_NIT_Download.txt,spec_sentence,14. Valve size up to 900NB / Class up to 4500 / Unit size up to 800MW.,,,43
29806,29806_NIT_Download.txt,spec_sentence,2 inch pipe mounting clamp,,,116
29807,29807_NIT_Download.txt,spec_sentence,(2) Should have supplied pulverised coal pipe of size of 350 mm or more during last five years as on the date of application,,,15
29807,29807_NIT_Download.txt,spec_sentence,Supply of pulverised coal pipe of size of 350 mm or more,,,31
29808,29808_NIT_Download.txt,spec_sentence,14) Agency has to supply the Refractory in 50 KG polythene/HDPE bags with extra liner. The thickness of,,,83
29830,29830_NIT_Download.txt,spec_sentence,Hot Gas Path inspection (HGPI) of Gas Turbine of capacity of 60 MW or above in,,,230
29830,29830_NIT_Download.txt,spec_sentence,Turbine of capacity of 60 MW or above in Power/ Petro Chemical/ Refinery/ 'Heavy,,,236
29830,29830_NIT_Download.txt,spec_sentence,1.1.2 The bidder should have executed Similar work(s) of Gas Turbine of capacity of 60 MW,,,238
29837,29837_NIT_Download.txt,spec_sentence,r of Boiler to any Thermal power plant having minimum unit size of 200 MW.,,,1885
29845,29845_NIT_Download.txt,spec_sentence,nus not permissible). For straightness max. Deflection shall not exceed 1mm per meter length.,,,1580
29847,29847_NIT_Download.txt,spec_sentence,(a) A chlorine dioxide generator of capacity 10kg/ hour or more,,,117
29860,29860_NIT_Download.txt,spec_sentence,Procurement of 400KV RIP bushing for ICT-2 Transformer at,,,166
29860,29860_NIT_Download.txt,spec_sentence,400KV RIP bushing for ICT-2 Transformer,,,187
29860,29860_NIT_Download.txt,spec_sentence,Procurement Of 400KV RIP Bushing For ICT-2 Transformer At SSTPS ( 2 pieces ),,,1357
29861,29861_NIT_Download.txt,spec_sentence,interconnection to 33 KV Pooling switchgear in CMCS as per specification.,,,54
29872,29872_NIT_Download.txt,spec_sentence,EPC PACKAGE FOR DEVELOPMENT OF 800MW/3200MWH BATTERY,,,1
29872,29872_NIT_Download.txt,spec_sentence,EPC Package for Development of 800MW/3200MWh Battery Energy Storage System (BESS) at,,,20
29872,29872_NIT_Download.txt,spec_sentence,eligible bidders for “ EPC Package for Development of 800MW/3200MWh Battery Energy,,,31
29872,29872_NIT_Download.txt,spec_sentence,to commissioning and Integration with Owner's 33 KV pooling switchgear. Extension of,,,207
29874,29874_NIT_Download.txt,spec_sentence,Cable for Working Voltage up to and Including 1.1 KV,,,210
29893,29893_NIT_Download.txt,spec_sentence,PUMP HYDRO ENERGY STORAGE SOLUT IONS OF 2000 MW / 12000 MWh WITH,,,26
29896,29896_NIT_Download.txt,spec_sentence,commissioning and Integration with Owner's 33 KV pooling switchgear. Extension of owner pooling,,,184
29897,29897_NIT_Download.txt,spec_sentence,commissioning and Integration with Owner's 33 KV pooling switchgear. Extension of owner polling,,,236
29898,29898_NIT_Download.txt,spec_sentence,commissioning and Integration with Owner's 33 KV pooling switchgear. Extension of owner pooling,,,218
29912,29912_NIT_Download.txt,spec_sentence,"number of Boiler to any Thermal power plant of unit size 200 MW or higher, which should",,,15
29912,29912_NIT_Download.txt,spec_sentence,1. Order Copy evidencing Manufacturer & Supplier of Boiler of unit size 200 MW or,,,27
29951,29951_Click_here_to_view_Salient_Technical_Features.txt,spec_sentence,"Evacuation system upto owner's 33 KV pooling switchgear , Cables, Communication",,,44
29951,29951_NIT_Download.txt,spec_sentence,with Solar plant Infra at 33 KV Pooling switchgear (being developed through a Separate,,,52
29951,29951_NIT_Download.txt,spec_sentence,Solar plant Infra at 33 KV Pooling switchgear (being developed through a Separate package) to,,,1027
29960,29960_NIT_Download.txt,spec_sentence,Cable for Working Voltage up to and Including 1.1 KV Marked,,,231
29964,29964_Click_here_to_view_Salient_Technical_Features.txt,spec_sentence,"Power Evacuation system upto owner's 33 KV pooling switchgear , Cables,",,,44
29964,29964_NIT_Download.txt,spec_sentence,Integration with Owner's 33 KV pooling switchgear.,,,199
29969,29969_Click_here_to_view_Salient_Technical_Features.txt,spec_sentence,"Evacuation system upto owner's 33 KV pooling switchgear , Cables, Communication",,,44
29973,29973_Click_here_to_view_Salient_Technical_Features.txt,spec_sentence,"Evacuation system upto owner's 33 KV pooling switchgear , Cables, Communication",,,44
29973,29973_NIT_Download.txt,spec_sentence,Integration with Owner's 33 KV pooling switchgear.,,,174
29977,29977_NIT_Download.txt,spec_sentence,"200/500/600 MW sub-critical, 660 MW and 800 MW super-critical steam turbine",,,301
29977,29977_NIT_Download.txt,spec_sentence,"turbine technologies, particularly for utility-scale units of 200/500 MW and above.",,,314
29977,29977_cor_29977_1_1.txt,brief_description,EOI Document for Study for Steam Turbine Design,,,7
29979,29979_NIT_Download.txt,spec_sentence,for transporting fly ash from coal/lignite fired boiler unit having capacity of not less than 20 TPH for a conveying distance,,,12
29984,29984_NIT_Download.txt,spec_sentence,Title Procurement of 250 MVA 15.75/420 KV Generator Transformer for NTPC Farakka Stage-1,,,75
29984,29984_NIT_Download.txt,spec_sentence,Work Description Procurement of 250 MVA 15.75/420 KV Generator Transformer for NTPC Farakka Stage-1,,,76
29985,29985_Click_here_to_view_Salient_Technical_Features.txt,spec_sentence,• The bidder shall offer Wind Turbine Generato rs (WTGs) of minimum capacity of 3.0 MW for the wind farm,,,40
29986,29986_cor_29986_2_1.txt,tender_title,Rate Contract for procurement of All-In-One (AIO) PCs,,,8
30029,30029_NIT_Download.txt,spec_sentence,Name of work Supply and replacement work of S-panel tubes for stage#1(2*500MW) units at,,,148
30029,30029_NIT_Download.txt,spec_sentence,2. Brief Scope of Work: “Supply and replacement works of S -panel tubes for stage#1(2*500MW),,,157
30038,30038_cor_30038_2_1.txt,brief_description,"Supply of Oil Filtration machines, with or without",,,6
30054,30054_NIT_Download.txt,spec_sentence,"Reactor Building Cranes & Hoists, Crawler crane and 250 MT Mobile cranes. The module is sub-divided",,,464
30054,30054_NIT_Download.txt,spec_sentence,"commissioning at site before the supply of End Shield & Calandria equipment, 250 MT mobile crane",,,476
30054,30054_NIT_Download.txt,spec_sentence,"of 400 KV Generator Transformers, Unit Transformers, 220 KV Startup Transformers and 400 KV Shunt",,,634
30054,30054_NIT_Download.txt,spec_sentence,"of 400 KV Generator Transformers, Unit Transformers and 220 KV Startup Transformers. However,",,,976
30054,30054_NIT_Download.txt,spec_sentence,400KV Shunt reactor is already covered in NIMEP 1&2 hence deleted in NIMEP 3&4.,,,977
30058,30058_NIT_Download.txt,spec_sentence,Name of work Supply and replacement of S -panel tubes for stage#1(2*500MW) units at,,,149
30058,30058_NIT_Download.txt,spec_sentence,2. Brief Scope of Work: “Supply and replacement of S-panel tubes for stage#1(2*500MW) units at,,,158
30069,30069_NIT_Download.txt,spec_sentence,"FLANGE-S:ASA:B16.5 CL-150 A182:SLIP-ON:25MM(1INCH,",,,211
30069,30069_NIT_Download.txt,spec_sentence,"FLANGE-S:ASA:B16.5 CL-150 A182:SLIP-ON:50MM(2INCH,",,,212
30069,30069_NIT_Download.txt,spec_sentence,"FLANGE-S:ASA:B16.5 CL-150 A182:SLIP-ON:65MM, FLANGE",,,213
30069,30069_NIT_Download.txt,spec_sentence,"S:ASA:B16.5 CL-150 A182:SLIP-ON:80MM, FLANGE",,,214
30069,30069_NIT_Download.txt,spec_sentence,"S:ASA:B16.5 CL-150 A182:SLIP-ON:100MM, FLANGE",,,215
30069,30069_NIT_Download.txt,spec_sentence,"S:ASA:B16.5 CL-150 A182:SLIP-ON:150MM, FLANGE",,,216
30069,30069_NIT_Download.txt,spec_sentence,"S:ASA:B16.5 CL-150 A182:SLIP-ON:200MM, FLANGE",,,217
30069,30069_NIT_Download.txt,spec_sentence,"S:ASA:B16.5 CL-150 A182:SLIP-ON:250MM, FLANGE",,,218
30069,30069_NIT_Download.txt,spec_sentence,"S:ASA:B16.5 CL-150 A182:SLIP-ON:300MM, FLANGE",,,219
30069,30069_NIT_Download.txt,spec_sentence,"FLANGE-S:ASA:B16.5 CL-150 A182:SLIP-ON:450MM(18INCH),",,,221
30069,30069_NIT_Download.txt,spec_sentence,FLANGE-S:ANSI:B16.5 CL-150:SLIP-ON:500MM(20INCH),,,222
30069,30069_NIT_Download.txt,spec_sentence,"and Including 1.1 KV Marked To IS 7098 (Part 1), Slip Gauge",,,320
30082,30082_cor_30082_5_1.txt,brief_description,Cyber Security Audit of OT & IT Systems,,,158
30088,30088_NIT_Download.txt,spec_sentence,THICKNESS : 6 MM LENGTH : 6000 NOMINAL PIPE SIZE : 500,,,212
30088,30088_NIT_Download.txt,spec_sentence,MM(WITH TOLERANCE OF ±2 MM) 6)CASING:MS-PIPE AS PER,,,217
30088,30088_NIT_Download.txt,spec_sentence,M1634752993: BSLT-L PIPE: FE-410: 500NB: 26.35MM: 6 M,,,597
30088,30088_NIT_Download.txt,spec_sentence,M1634752993: BSLT-L PIPE: FE-410: 500NB: 26.35MM: 6 M ( 165 the number pi ),,,1210
30092,30092_NIT_Download.txt,spec_sentence,M8523453956N: S/W GEAR: 420KV BUS POST INSULATOR,,,188
30092,30092_NIT_Download.txt,spec_sentence,M8523453956N: S/W GEAR: 420KV BUS POST INSULATOR WITH C ( 9 the number pi ),,,1107
30092,30092_NIT_Download.txt,spec_sentence,420KV BUS POST INSULATOR,,,1215
30114,30114_NIT_Download.txt,spec_sentence,"number of Boiler to any Thermal power plant of unit size 200 MW or higher, which should",,,13
30114,30114_NIT_Download.txt,spec_sentence,1. Order Copy evidencing Manufacturer & Supplier of Boiler of unit size 200 MW or Higher,,,25
30122,30122_cor_30122_2_1.txt,brief_description,"Civil works of ICT, 1500 MVA, 765/400KV &",,,9
30133,30133_NIT_Download.txt,spec_sentence,pipe diameter of 450 mm.,,,36
30158,30158_NIT_Download.txt,spec_sentence,XLPE Cable for Working Voltage up to and Including 1.1 KV,,,228
30158,30158_NIT_Download.txt,spec_sentence,M0190455237: FLAT/STRIP: 2062 GI: W-100MM: T-6.0MM ( 4000 meter ),,,914
30166,30166_Click_here_to_view_Salient_Technical_Features.txt,spec_sentence,• The bidder shall offer Wind Turbine Generators (WTGs) of minimum capacity of 3.0 MW for the wind farm,,,38
30183,30183_NIT_Download.txt,spec_sentence,"M1634752993: BSLT-L PIPE: FE-410: 500NB: 26.35MM: 6 M ,",,,188
30183,30183_NIT_Download.txt,spec_sentence,THICKNESS : 6 MM LENGTH : 6000 NOMINAL PIPE SIZE : 500,,,212
30183,30183_NIT_Download.txt,spec_sentence,MM(WITH TOLERANCE OF ±2 MM) 6)CASING:MS-PIPE AS PER,,,217
30183,30183_NIT_Download.txt,spec_sentence,M1634752993: BSLT-L PIPE: FE-410: 500NB: 26.35MM: 6 M,,,597
30183,30183_NIT_Download.txt,spec_sentence,M1634752993: BSLT-L PIPE: FE-410: 500NB: 26.35MM: 6 M ( 165 the number pi ),,,1150
30200,30200_NIT_Download.txt,spec_sentence,pulverized coal fired Steam Generator rated for a minimum of 150 MW size or minimum 450 T/Hr,,,1143
30200,30200_NIT_Download.txt,spec_sentence,"turbine of tandem compound, condensing, multi cylinder, reheat type of 150 MW or higher capacity",,,1156
30200,30200_NIT_Download.txt,spec_sentence,minimum one (1) no. 150 MW or above pulverized Coal fired unit comprising of at least steam generator,,,1247
30200,30200_NIT_Download.txt,spec_sentence,"a minimum of 80 MW and one (1) number of generator of two pole, Thermal class 155(F) winding",,,1264
30200,30200_NIT_Download.txt,spec_sentence,2.1.0 For Steam Generator of 250MW Unit,,,1515
30200,30200_NIT_Download.txt,spec_sentence,2.2.0 For Steam Turbine Generator of 250 MW Unit,,,1638
30200,30200_NIT_Download.txt,spec_sentence,1.10 MW rating of Generator,,,2478
30201,30201_NIT_Download.txt,spec_sentence,"over ""Boiler furnace / Similar areas"" of unit size of 200MW or above, in a Power plant,",,,119
30203,30203_NIT_Download.txt,spec_sentence,Boiler manufacturer manufacturing and supplying boilers for a power plant of 200 MW,,,37
30203,30203_NIT_Download.txt,spec_sentence,any Boiler manufacturer manufacturing and supplying boilers for a power plant of 200 MW,,,87
30206,30206_NIT_Download.txt,spec_sentence,Repair of BFP Main pump Cartridge for units up to 500 MW units,,,8
30206,30206_NIT_Download.txt,spec_sentence,complete assembly or complete Boiler Feed Pump for 195 MW & above thermal,,,50
30208,30208_NIT_Download.txt,spec_sentence,one no. of 500 MW or above Boiler during last five years from the date of,,,123
30208,30208_NIT_Download.txt,spec_sentence,7 NOTES: 1.0 Similar work means: Work of chemical cleaning of Boiler of 500 MW o r,,,154
30227,30227_NIT_Download.txt,spec_sentence,Procurement of 50MVA 220KV/11.5KV Power Transformer for CO2-ESS system at NTPC,,,9
