dataset_source,record_id,organization,source_system,source_section,original_identifier,description_kind,item_type_hint,assessed_category,is_individual_material,description,quantity,unit,source_url,document_url
material_description_corpus.csv,M000001,Indian Oil Corporation Limited,iocl.com,Future Procurement Plan FY2025-26,,procurement_plan_item,,individual_material,True,1236/1231,1233,,,data/raw/iocl/tenders/Future_Procurement_Plan25-26.pdf
material_description_corpus.csv,M000002,Indian Oil Corporation Limited,iocl.com,Future Procurement Plan FY2025-26,,procurement_plan_item,,individual_material,True,14.2 Kg Cylinders (Including New & Replacement),,Nos.,,data/raw/iocl/tenders/Future_Procurement_Plan25-26.pdf
material_description_corpus.csv,M000722,NTPC Limited,ntpctender.ntpc.co.in,NIT document (28816_cor_28816_1_1.txt),,doc_brief_description,chimney,individual_material,True,CHIMNEY PACKAGE FOR GADARWARA STPP STAGE,,,,
material_description_corpus.csv,M000739,NTPC Limited,ntpctender.ntpc.co.in,NIT document (28925_cor_28925_2_1.txt),,doc_brief_description,,individual_material,True,Procurement & Installation of 98 Inch Display System,,,,
material_description_corpus.csv,M002564,Oil India Limited,oil-india.com,archive:Limited Tenders,DID1623L27,archived_tender,,individual_material,True,(1) TRANSPORE 5 CM,,,https://www.oil-india.com/tender-details/65?in_detail=NkVLeHZRPT0=,
material_description_corpus.csv,M002566,Oil India Limited,oil-india.com,archive:GeM Tenders,GEM/2024/B/5015343,archived_tender,,individual_material,True,"09 Kg DCP Fire Extinguishers (Stored Pressure Type), Fire Extinguisher Inspection Tag, Fire Extinguisher Floor Stand",,,https://www.oil-india.com/tender-details/124?in_detail=N1VDdw==,
material_description_corpus.csv,M000031,Indian Oil Corporation Limited,iocl.com,Future Procurement Plan FY2025-26,,procurement_plan_item,,service_or_works,False,AMC for micro gas chromatograph,1,Lot,,data/raw/iocl/tenders/Future_Procurement_Plan25-26.pdf
material_description_corpus.csv,M000032,Indian Oil Corporation Limited,iocl.com,Future Procurement Plan FY2025-26,,procurement_plan_item,instrument,service_or_works,False,AMC of BELSORP HP instrument,1,Lot,,data/raw/iocl/tenders/Future_Procurement_Plan25-26.pdf
material_description_corpus.csv,M000723,NTPC Limited,ntpctender.ntpc.co.in,NIT document (29079_cor_29079_5_1.txt),,doc_brief_description,,service_or_works,False,CONSTRUCTION OF ACCESS OR,,,,
material_description_corpus.csv,M000724,NTPC Limited,ntpctender.ntpc.co.in,NIT document (29056_cor_29056_3_1.txt),,doc_brief_description,,service_or_works,False,CONSTRUCTION OF AN ALTERNATE,,,,
material_description_corpus.csv,M002565,Oil India Limited,oil-india.com,archive:GeM Tenders,GEM/2025/B/6887230,archived_tender,,service_or_works,False,03 years Annual Maintenance Contract for 02 nos of UPS installed at CoEES,,,https://www.oil-india.com/tender-details/124?in_detail=NlU2d3RRPT0=,
material_description_corpus.csv,M002570,Oil India Limited,oil-india.com,archive:Limited Tenders,CGI2150L27,archived_tender,tank,service_or_works,False,"1. Conversion of existing old telecom room to Conference Hall along with construction of attached Veranda, kitchen and toilet at Industry area of PS8 Sonapur including internal electrification and supply of all materials except cement. 2. Construction of 50 users septic tank (4 units) for quarters and bungalows at domestic area of PS8 Sonapur including supply of all materials except cement",,,https://www.oil-india.com/tender-details/65?in_detail=NkU2L3ZBPT0=,
material_description_corpus.csv,M000509,Indian Oil Corporation Limited,iocletenders.nic.in,tender detail,HO/ENGG/WSA/PT-03/26-27,tender_title,,administrative_notice,False,1st Perpetual WSA WA Empanelment,,,https://iocletenders.nic.in/nicgep/app?component=%24DirectLink_0&page=FrontEndAdvancedSearchResult&service=direct&session=T&sp=S65wcJ9yTndy82IMMORWWaQ%3D%3D,
material_description_corpus.csv,M000510,Indian Oil Corporation Limited,iocletenders.nic.in,tender detail,HO/ENGG/WSA/PT-04/26-27,tender_title,,administrative_notice,False,1st Perpetual WSA WL Empanelment,,,https://iocletenders.nic.in/nicgep/app?component=%24DirectLink_0&page=FrontEndAdvancedSearchResult&service=direct&session=T&sp=SwrEMzDHxCxJNuB%2FzKrUU0g%3D%3D,
material_description_corpus.csv,M000730,NTPC Limited,ntpctender.ntpc.co.in,NIT document (29977_cor_29977_1_1.txt),,doc_brief_description,turbine,administrative_notice,False,EOI Document for Study for Steam Turbine Design,,,,
material_description_corpus.csv,M000731,NTPC Limited,ntpctender.ntpc.co.in,NIT document (29012_cor_29012_2_1.txt),,doc_brief_description,,administrative_notice,False,EOI for Issue of Pond Ash from NTPC,,,,
material_description_corpus.csv,M003481,Oil India Limited,oil-india.com,archive:Limited Tenders,CQI7687L25,archived_tender,,administrative_notice,False,Empanelment of Consultants for carrying out Need Based Assignments for Oil India Limited,,,https://www.oil-india.com/tender-details/65?in_detail=NmtXeHVRPT0=,
material_description_corpus.csv,M003482,Oil India Limited,oil-india.com,archive:National Tenders,CNI9986P26,archived_tender,,administrative_notice,False,"Empanelment/Short-listing of Five (05) Nos. Vendors/Civil Contractors and awarding of Rate contracts to carry out Miscellaneous Civil jobs including new construction work, repairing and maintenance of civil works etc. on as & when required basis within Company's operational areas in NELP Block (AA-ONN-2010/2), Karbi Anglong for a period of two (02) years",,,https://www.oil-india.com/tender-details/63?in_detail=NlVLd3ZnPT0=,
material_description_corpus.csv,M000512,Indian Oil Corporation Limited,iocletenders.nic.in,tender detail,9030C26D22,tender_title,,broad_tender_title,False,9030C26D22- Earthing jobs at Gujarat Refinery,,,https://iocletenders.nic.in/nicgep/app?component=%24DirectLink_0&page=FrontEndAdvancedSearchResult&service=direct&session=T&sp=SOEM%2FPOnVJ82u7vUxZ05uWQ%3D%3D,
material_description_corpus.csv,M000513,Indian Oil Corporation Limited,iocletenders.nic.in,tender detail,9030C26D23,tender_title,,broad_tender_title,False,9030C26D23 Rectification of jacket fuel naphtha portion of HGU-3 Reformer burner fuel Naphtha network,,,https://iocletenders.nic.in/nicgep/app?component=%24DirectLink_0&page=FrontEndAdvancedSearchResult&service=direct&session=T&sp=S5T5IZoMaDgie5o7KMS7V7g%3D%3D,
material_description_corpus.csv,M000721,NTPC Limited,ntpctender.ntpc.co.in,NIT document (28904_cor_28904_6_1.txt),,doc_brief_description,,broad_tender_title,False,Balance Works of Barrage and,,,,
material_description_corpus.csv,M000727,NTPC Limited,ntpctender.ntpc.co.in,NIT document (29315_cor_29315_1_1.txt),,doc_brief_description,,broad_tender_title,False,Comprehensive Operation and,,,,
material_description_corpus.csv,M000688,Indian Oil Corporation Limited,iocletenders.nic.in,tender detail,9030M26E90,work_description,,unclassified_or_other,False,"1. Procurement of BELTS against PR Nos. 3785388,3785389,3785390,3785391,3785392,3785393,3785394. 2. Procurement of BELTS against PR Nos. 3789356,3789357,3789358,3789359,3789360,3789361",,,https://iocletenders.nic.in/nicgep/app?component=%24DirectLink_0&page=FrontEndAdvancedSearchResult&service=direct&session=T&sp=S%2BRJqyR8%2FgJkXbw93r8tsfQ%3D%3D,
material_description_corpus.csv,M000691,Indian Oil Corporation Limited,iocletenders.nic.in,tender detail,9400M26B18,work_description,,unclassified_or_other,False,9400M26B18_Procurement of fully assembled and tested electronics for Caliper PIGs with Inertial Measurement Unit(IMU),,,https://iocletenders.nic.in/nicgep/app?component=%24DirectLink_0&page=FrontEndAdvancedSearchResult&service=direct&session=T&sp=SmVfws0%2F58dV7mL0O14uqdQ%3D%3D,
material_description_corpus.csv,M002568,Oil India Limited,oil-india.com,archive:Limited Tenders,DID1738L27,archived_tender,,unclassified_or_other,False,1) TUBES WITH 3.2% BUFFERED SODIUM CITRATE 2) HCV (HEPATITIS C) RAPID CARD TEST,,,https://www.oil-india.com/tender-details/65?in_detail=NkVHMXVnPT0=,
material_description_corpus.csv,M002569,Oil India Limited,oil-india.com,archive:Limited Tenders,DID1472L26,archived_tender,,unclassified_or_other,False,"1) URINE COLLECTING POT 50 ML (STERILE), 2)SERUM SEPARATING TUBE (SST), 3) NON VACCUTAINER BLOOD COLLECTION SYS",,,https://www.oil-india.com/tender-details/65?in_detail=NkVPeHZRPT0=,
material_description_corpus.csv,M000847,NTPC Limited,ntpctender.ntpc.co.in,NIT document (29319_cor_29319_4_1.txt),,doc_spec_sentence,,broad_tender_package,False,Development of 6 MW Floating Solar PV Project coupled with 6 MW /24 MWhr Battery,,,,
material_description_corpus.csv,M000853,NTPC Limited,ntpctender.ntpc.co.in,NIT document (29872_NIT_Download.txt),,doc_spec_sentence,,broad_tender_package,False,EPC PACKAGE FOR DEVELOPMENT OF 800MW/3200MWH BATTERY,,,,
material_description_corpus.csv,M003895,Oil India Limited,oil-india.com,archive:Limited Tenders,CKI8525L25,archived_tender,,broad_tender_package,False,"Hiring Security Services for Round the Clock (24 x 7) basis of Un-Armed Guards (Male) under Works Contract Labour in the Watch and Ward (Without Arm-Unlisted) category at Brooklyn Godown and Shipping Office of Oil India Limited, Kolkata Office",,,https://www.oil-india.com/tender-details/65?in_detail=NmtDMXRRPT0=,
material_description_corpus.csv,M003896,Oil India Limited,oil-india.com,archive:Limited Tenders,CKI7284L25,archived_tender,,broad_tender_package,False,"Hiring Security Services for Round the Clock (24 x 7) basis of Un-Armed Guards under Works Contract Labour in the Watch and Ward (Without Arm-Unlisted) category at OILs Executive Guest House (Diroi House) and Main Office of Oil India Limited, Kolkata",,,https://www.oil-india.com/tender-details/65?in_detail=NmtleXZnPT0=,
ntpc_material_items.csv,NTPC_NIT_28811_L28,NTPC Limited,ntpctender.ntpc.co.in,28811_NIT_Download.txt,nit_id:28811,doc_spec_sentence,,individual_material,True,"11KV DG Sets, Fire Water Pump House, 33KV and 11KV Transmission Line,",,,,data/raw/ntpc/tenders/28811_NIT_Download.txt
ntpc_material_items.csv,NTPC_NIT_28860_L186,NTPC Limited,ntpctender.ntpc.co.in,28860_NIT_Download.txt,nit_id:28860,doc_spec_sentence,,individual_material,True,"PIPE:BLK, CORTEN,A423GR1,ERW,2MM,40MM",,,,data/raw/ntpc/tenders/28860_NIT_Download.txt
ntpc_material_items.csv,NTPC_NIT_28816_L8,NTPC Limited,ntpctender.ntpc.co.in,28816_cor_28816_1_1.txt,nit_id:28816,doc_brief_description,,individual_material,True,CHIMNEY PACKAGE FOR GADARWARA STPP STAGE,,,,data/raw/ntpc/tenders/28816_cor_28816_1_1.txt
ntpc_material_items.csv,NTPC_NIT_28904_L10,NTPC Limited,ntpctender.ntpc.co.in,28904_cor_28904_6_1.txt,nit_id:28904,doc_brief_description,,individual_material,True,Balance Works of Barrage and,,,,data/raw/ntpc/tenders/28904_cor_28904_6_1.txt
ntpc_material_items.csv,NTPC_NIT_28870_L11,NTPC Limited,ntpctender.ntpc.co.in,28870_cor_28870_1_1.txt,nit_id:28870,doc_tender_title,,individual_material,True,BITUMINOUS PAVEMENT FOR NTECL ASH DYKE BUND ROADS,,,,data/raw/ntpc/tenders/28870_cor_28870_1_1.txt
ntpc_material_items.csv,NTPC_NIT_28873_L8,NTPC Limited,ntpctender.ntpc.co.in,28873_cor_28873_1_1.txt,nit_id:28873,doc_tender_title,,individual_material,True,Construction of Additional Field Hostel in BRBCL Township at the risk,,,,data/raw/ntpc/tenders/28873_cor_28873_1_1.txt
ntpc_material_items.csv,NTPC_NIT_28886_L165,NTPC Limited,ntpctender.ntpc.co.in,28886_NIT_Download.txt,nit_id:28886,doc_spec_string,,individual_material,True,"CABLE, PWR, 150MM2, 1C, STRANDED, AL, 11KV , CABLE",,,,data/raw/ntpc/tenders/28886_NIT_Download.txt
ntpc_material_items.csv,NTPC_NIT_28886_L186,NTPC Limited,ntpctender.ntpc.co.in,28886_NIT_Download.txt,nit_id:28886,doc_spec_string,,individual_material,True,"CABLE,PWR,240MM2,1C,STRANDED,AL,11KV",,,,data/raw/ntpc/tenders/28886_NIT_Download.txt
iocl_procurement_plan_items.csv,IOCL_P1_S1,Indian Oil Corporation Limited,iocl.com,Section: Refineries,"page:1, sl_no:1",procurement_plan_item,,individual_material,True,Vessels/Drums/Tanks,99,Nos.,,Future_Procurement_Plan25-26.pdf
iocl_procurement_plan_items.csv,IOCL_P1_S3,Indian Oil Corporation Limited,iocl.com,Section: Refineries,"page:1, sl_no:3",procurement_plan_item,,individual_material,True,Reactors,10,Nos.,,Future_Procurement_Plan25-26.pdf
iocl_procurement_plan_items.csv,IOCL_P12_S1,Indian Oil Corporation Limited,iocl.com,Section: Capex Procurement Projected,"page:12, sl_no:1",procurement_plan_item,,individual_material,True,Vessels/Drums/Tanks,,Nos.,,Future_Procurement_Plan25-26.pdf
iocl_procurement_plan_items.csv,IOCL_P12_S3,Indian Oil Corporation Limited,iocl.com,Section: Capex Procurement Projected,"page:12, sl_no:3",procurement_plan_item,,individual_material,True,Reactors,,Nos.,,Future_Procurement_Plan25-26.pdf
