corpus_id,organization,description,source_url,document_url,description_kind,predicted_category,rule_fired,boundary_flag,human_label,reviewer_note,usable_for_matching
M002354,NTPC Limited,Supply and Application of Airseal Ceramic Fibre Sealing in Penthouse & APH Area at NTPC Rihand,https://ntpctender.ntpc.co.in/NITDetails/NITs/29706,,nit_brief_description,broad_tender_title,Rule 8: Broad Tender Title / Brief Description,boundary:supply_and_installation,,,
M021046,Oil India Limited,Supply and Installation of FRP Fencing and Gate,https://www.oil-india.com/tender-details/124?in_detail=NkVDeQ==,https://www.oil-india.com/download-tender-document?ten_detail=NkVDeW9HaksrUk8zMlFjPQ%3D%3D,tender_detail,unclassified_or_other,Rule 9: Residual / Unclassified,boundary:supply_and_installation,,,
M002366,NTPC Limited,Supply and Installation of GRP Panels at NTPC Kawas,https://ntpctender.ntpc.co.in/NITDetails/NITs/29356,,nit_brief_description,broad_tender_title,Rule 8: Broad Tender Title / Brief Description,boundary:supply_and_installation,,,
M002361,NTPC Limited,Supply and Installation of 780KWp Solar PV Modules at NTPC Kaniha Solar Plant,https://ntpctender.ntpc.co.in/NITDetails/NITs/30135,,nit_brief_description,broad_tender_title,Rule 8: Broad Tender Title / Brief Description,boundary:supply_and_installation,,,
M017819,Oil India Limited,"AMC for existing Industrial IR (Iron Removal) system and RO water filters and replacement of inside strainer,filter media and diaphragm of the valves, activated carbon filter,chemical dosing pump including painting at PS9 Dumar for a period of Two (02) years",https://www.oil-india.com/tender-details/124?in_detail=NlUrMnZRPT0=,https://www.oil-india.com/download-tender-document?ten_detail=NlUrMnZTSEw2RXFyMmdHdQ%3D%3D,tender_detail,service_or_works,Rule 3: Service / Works / Maintenance / Hiring Contract,boundary:amc_or_maintenance_of_equipment,,,
M015566,Oil India Limited,"SPARES FOR PUMP, PLUNGER, TRIPLEX, HORIZONTAL, Adjustable Packing Assembly Plunger , Rod Wiper for Plunger, SPARES FOR GARDNER-DENVER PLUNGER PUMP, Valve Assembly, SPARES FOR WELL SERVICING and ACIDIZING PUMP and Packing Assembly",https://www.oil-india.com/old-tender?page=609&op=,,historical_tender,individual_material,Rule 5: Recognized Item Type Hint,boundary:amc_or_maintenance_of_equipment,,,
M003744,Oil India Limited,"HIRING SERVICES FOR HEALTH CHECK-UP, TANK CLEANING, TANK INSPECTION, AND REQUIRED MAINTENANCE JOB OF 1200 KL FLOATING ROOF TANK AT PUMP STATION 10, OF OIL INDIA LIMITED BARAUNI, BIHAR",https://www.oil-india.com/tender-details/124?in_detail=NzBld3ZBPT0=,,archived_tender,service_or_works,Rule 3: Service / Works / Maintenance / Hiring Contract,boundary:amc_or_maintenance_of_equipment,,,
M003798,Oil India Limited,"HIRING THE SERVICES OF A BRAND NEW TATAYODHA SC 4 BY 4 LXWC BSVI CREW CABIN BASE MODEL WITH AC PICKUP FOR PIPELINE MAINTENANCE BASE PUMP STATION NO 08 SONAPUR, FOR APERIOD OF 4 FOUR YEARS",https://www.oil-india.com/tender-details/124?in_detail=NlVDMXVBPT0=,,archived_tender,service_or_works,Rule 3: Service / Works / Maintenance / Hiring Contract,boundary:amc_or_maintenance_of_equipment,,,
M002382,NTPC Limited,Supply of 200 NB MS ERW Pipes as per IS 3589,https://ntpctender.ntpc.co.in/NITDetails/NITs/29403,,nit_brief_description,individual_material,Rule 5: Recognized Item Type Hint,boundary:engineering_standard,,,
M015404,Oil India Limited,"SEAMLESS STEEL LINE PIPE: Steel Line Pipe, Seamless extra strong, nom. Size : 8 mm (1/4""), O.D.13.7 mm (0.540""), wall thickness 3.02 mm ( 0.119""),Plain end weight 0.80 kg./m (0.54 lb/ft.)screwed and coupled API std. 5L Grade A, length of each joint in 6/7 mtr.Mill test pressure (Hydraulic ) under serewed and coupled condition :59kg./cm.sq.(850 psi)",https://www.oil-india.com/old-tender?page=1220&op=,,historical_tender,individual_material,Rule 5: Recognized Item Type Hint,boundary:engineering_standard,,,
M019003,Oil India Limited,High Strength Deformed Steel Bars and Wires for concrete reinforcement as per IS 1786,https://www.oil-india.com/tender-details/124?in_detail=NlVDeA==,https://www.oil-india.com/download-tender-document?ten_detail=NlVDeG9HaksrUk8zMlFjPQ%3D%3D,tender_detail,individual_material,Rule 5: Recognized Item Type Hint,boundary:engineering_standard,,,
M017868,Oil India Limited,Alumino - Ferric (V2) Conforming to IS 299,https://www.oil-india.com/tender-details/265?in_detail=NkU2M3VBPT0=,https://www.oil-india.com/download-tender-document?ten_detail=NkU2M3VDSEw2RXFyMlFXdg%3D%3D,tender_detail,individual_material,Rule 6: Material Lexicon / Technical Specification Pattern,boundary:engineering_standard,,,
M017092,Oil India Limited,Triple offset Butterfly Valves API 609,https://www.oil-india.com/old-tender?page=834&op=,,historical_tender,individual_material,Rule 5: Recognized Item Type Hint,boundary:engineering_standard,,,
M002296,NTPC Limited,SITC of AV System at HOP Conf Room and New Service Building Conf Room at NTPC Korba,https://ntpctender.ntpc.co.in/NITDetails/NITs/29044,,nit_brief_description,service_or_works,Rule 3: Service / Works / Maintenance / Hiring Contract,boundary:service_utility_system,,,
M000384,Indian Oil Corporation Limited,Reactors,,data/raw/iocl/tenders/Future_Procurement_Plan25-26.pdf,procurement_plan_item,individual_material,Rule 4c: Procurement Plan Physical Material Item,boundary:short_or_numeric,,,
M020959,Oil India Limited,Sofa Sofa,https://www.oil-india.com/tender-details/124?in_detail=NkVLenRBPT0=,https://www.oil-india.com/download-tender-document?ten_detail=NkVLenRDSEw2RXFyMmdHdQ%3D%3D,tender_detail,unclassified_or_other,Rule 9: Residual / Unclassified,boundary:short_or_numeric,,,
M008259,Oil India Limited,Chair Chair,https://www.oil-india.com/old-tender?page=1122&op=,,historical_tender,unclassified_or_other,Rule 9: Residual / Unclassified,boundary:short_or_numeric,,,
M002685,Oil India Limited,"6"" PDC Bit",https://www.oil-india.com/tender-details/124?in_detail=Nms2eXRRPT0=,,archived_tender,unclassified_or_other,Rule 9: Residual / Unclassified,boundary:short_or_numeric,,,
M001630,NTPC Limited,EPC PACKAGE FOR DEVELOPMENT OF 100 MWH VANADIUM REDOX FLOW BESS AT KHAVDA SOLAR PARK BY NTPC REL,https://ntpctender.ntpc.co.in/NITDetails/NITs/29220,,nit_brief_description,broad_tender_package,Rule 2: Broad Turnkey / EPC / Composite Package,boundary:turnkey_epc_package,,,
M001658,NTPC Limited,"EPC Township Package for Singrauli STPP, Stage-III (2x800MW). Bidding Document No. CS-1150-364-9",https://ntpctender.ntpc.co.in/NITDetails/NITs/29488,,nit_brief_description,broad_tender_package,Rule 2: Broad Turnkey / EPC / Composite Package,boundary:turnkey_epc_package,,,
M001651,NTPC Limited,EPC Package for BESS Implementation at NTPC Thermal Power Stations (Lot-1),https://ntpctender.ntpc.co.in/NITDetails/NITs/29053,,nit_brief_description,broad_tender_package,Rule 2: Broad Turnkey / EPC / Composite Package,boundary:turnkey_epc_package,,,
M006887,Oil India Limited,Amendment No. 01 to GeM Tender No. : GEM/2021/B/1662284 dtd. 10/11/2021,https://www.oil-india.com/old-tender?page=328&op=,,historical_tender,administrative_notice,Rule 1: Administrative Notice / Corrigendum / EOI,boundary:administrative_notice,,,
M001716,NTPC Limited,Expression of Interest for Appointment as Dealer for Fly Ash Bricks from NTPC Kanti,https://ntpctender.ntpc.co.in/NITDetails/NITs/29645,,nit_brief_description,administrative_notice,Rule 1: Administrative Notice / Corrigendum / EOI,boundary:administrative_notice,,,
M013109,Oil India Limited,Invitation of Expression of Interest (EOI) to identify solution providers for Real-Time monitoring and analytics of onshore oil and gas wells using wireless devices,https://www.oil-india.com/old-tender?page=630&op=,,historical_tender,administrative_notice,Rule 1: Administrative Notice / Corrigendum / EOI,boundary:administrative_notice,,,
M001708,NTPC Limited,Expression of Interest (EoI) for Issue of BOTTOM Ash from NTPC NKSTPP,https://ntpctender.ntpc.co.in/NITDetails/NITs/30052,,nit_brief_description,administrative_notice,Rule 1: Administrative Notice / Corrigendum / EOI,boundary:administrative_notice,,,
M002984,Oil India Limited,"Casing, 7"" x P-110 x Premium Threaded",https://www.oil-india.com/tender-details/124?in_detail=NlVLeHRRPT0=,,archived_tender,individual_material,Rule 6: Material Lexicon / Technical Specification Pattern,stratum:standard_record,,,
M017117,Oil India Limited,Tubing Cutter with Accessories. Qty: 50 nos,https://www.oil-india.com/old-tender?page=915&op=,,historical_tender,individual_material,Rule 6: Material Lexicon / Technical Specification Pattern,stratum:standard_record,,,
M013212,Oil India Limited,LUB OIL LUB OIL,https://www.oil-india.com/old-tender?page=1087&op=,,historical_tender,individual_material,Rule 6: Material Lexicon / Technical Specification Pattern,stratum:standard_record,,,
M003625,Oil India Limited,Gaskets & Valves,https://www.oil-india.com/tender-details/124?in_detail=NkVDeHZ3PT0=,,archived_tender,individual_material,Rule 5: Recognized Item Type Hint,stratum:standard_record,,,
M013114,Oil India Limited,Item No. 10 API Specification 7 Master Gauge for,https://www.oil-india.com/old-tender?page=1300&op=,,historical_tender,individual_material,Rule 6: Material Lexicon / Technical Specification Pattern,boundary:engineering_standard,,,
M005032,Oil India Limited,PROCUREMENT OF CHAIN TONGS AND PIPE WRENCHES,https://www.oil-india.com/tender-details/63?in_detail=NmtXMA==,,archived_tender,individual_material,Rule 5: Recognized Item Type Hint,stratum:standard_record,,,
M006768,Oil India Limited,"ANGLE, EQUAL, MILD STEEL ( ROLLED ) FOR STRUCTURALAND GENERAL ENGG. PURPOSES",https://www.oil-india.com/old-tender?page=1142&op=,,historical_tender,individual_material,Rule 5: Recognized Item Type Hint,stratum:standard_record,,,
M018097,Oil India Limited,Certification for Integrated Management System under ISO 9001 2015 for QMS ISO 14001 2015 for EMS and ISO 45001 2018 for OHSMS,https://www.oil-india.com/tender-details/124?in_detail=N1VJPQ==,https://www.oil-india.com/download-tender-document?ten_detail=N1VLcjZXbmJvQSswM3c9PQ%3D%3D,tender_detail,individual_material,Rule 6: Material Lexicon / Technical Specification Pattern,boundary:engineering_standard,,,
M021392,Oil India Limited,Tube Furnace,https://www.oil-india.com/tender-details/124?in_detail=NmtPMnZRPT0=,https://www.oil-india.com/download-tender-document?ten_detail=NmtPMnZTSEw2RXFyMmdHdQ%3D%3D,tender_detail,individual_material,Rule 6: Material Lexicon / Technical Specification Pattern,boundary:short_or_numeric,,,
M014610,Oil India Limited,"Providing Civil misc. maintenance jobs for repairing masonary works at PS-8, Sonapur",https://www.oil-india.com/old-tender?page=612&op=,,historical_tender,service_or_works,Rule 3: Service / Works / Maintenance / Hiring Contract,stratum:standard_record,,,
M019985,Oil India Limited,"MISCELLANEOUS MAINTENANCE CONTRACT FOR CIVIL ENGINEERING WORKS AT OIL INDIA LIMITED, DULIAJAN (2025-2029)",https://www.oil-india.com/tender-details/65?in_detail=NmtlMXRRPT0=,https://www.oil-india.com/download-tender-document?ten_detail=NmtlMXRTSEw2RXFyM1FZPQ%3D%3D,tender_detail,service_or_works,Rule 3: Service / Works / Maintenance / Hiring Contract,stratum:standard_record,,,
M013892,Oil India Limited,"Operation and Maintenance of Heating, Ventilation and Air Conditioning (HVAC) systems at OIL House, Plot No. 19, Sector – 16A, NOIDA",https://www.oil-india.com/old-tender?page=888&op=,,historical_tender,service_or_works,Rule 3: Service / Works / Maintenance / Hiring Contract,stratum:standard_record,,,
M021477,Oil India Limited,"Well service pump (Kill pump package), Qty = 2 Nos",https://www.oil-india.com/tender-details/124?in_detail=NlVTeHZRPT0=,https://www.oil-india.com/download-tender-document?ten_detail=NlVTeHZTSEw2RXFyMmdHdQ%3D%3D,tender_detail,service_or_works,Rule 3: Service / Works / Maintenance / Hiring Contract,stratum:standard_record,,,
M008379,Oil India Limited,Compound Cleaning and Tree Trimming,https://www.oil-india.com/old-tender?page=1112&op=,,historical_tender,service_or_works,Rule 3: Service / Works / Maintenance / Hiring Contract,stratum:standard_record,,,
M018192,Oil India Limited,Construction of 3300 m long dust free approach road to Loc. NMC with 150 mm thick WBM & 25 mm thick SDBC,https://www.oil-india.com/tender-details/65?in_detail=NmthMHVBPT0=,https://www.oil-india.com/download-tender-document?ten_detail=NmthMHVDSEw2RXFyM1FZPQ%3D%3D,tender_detail,service_or_works,Rule 3: Service / Works / Maintenance / Hiring Contract,stratum:standard_record,,,
M018981,Oil India Limited,Heat Shrinkage FEP Tubes,https://www.oil-india.com/tender-details/124?in_detail=NmtHMXV3PT0=,https://www.oil-india.com/download-tender-document?ten_detail=NmtHMXV5SEw2RXFyMmdHdQ%3D%3D,tender_detail,unclassified_or_other,Rule 9: Residual / Unclassified,stratum:standard_record,,,
M005447,Oil India Limited,"Rock Bit, Size : 4.1/8""",https://www.oil-india.com/tender-details/65?in_detail=NmtlenZRPT0=,,archived_tender,unclassified_or_other,Rule 9: Residual / Unclassified,stratum:standard_record,,,
M017969,Oil India Limited,CAUSTIC SODA,https://www.oil-india.com/tender-details/124?in_detail=NlVLeg==,https://www.oil-india.com/download-tender-document?ten_detail=NlVLem9HaksrUk8zMlFjPQ%3D%3D,tender_detail,unclassified_or_other,Rule 9: Residual / Unclassified,boundary:short_or_numeric,,,
M001273,NTPC Limited,BULK PROCUREMENT OF CHP CONVEYOR BELTS FY 2025 to 26 PR3 UPTO 1400MM BELTS,https://ntpctender.ntpc.co.in/NITDetails/NITs/29144,,nit_brief_description,individual_material,Rule 5: Recognized Item Type Hint,stratum:standard_record,,,
M001085,NTPC Limited,pipe shall be of 200 mm diameter. This is to ensure that the tank does not get unnecessarily pressurized. The,,,doc_spec_sentence,individual_material,Rule 4a: Extracted Document Specification Sentence/String,stratum:standard_record,,,
M000992,NTPC Limited,TRANSFORMER BUSHING 3.6 KV 2000 A,,,doc_spec_sentence,individual_material,Rule 4a: Extracted Document Specification Sentence/String,stratum:standard_record,,,
M000855,NTPC Limited,"Evacuation system upto owner's 33 KV pooling switchgear , Cables, Communication",,,doc_spec_sentence,individual_material,Rule 4a: Extracted Document Specification Sentence/String,stratum:standard_record,,,
M002374,NTPC Limited,Supply and Retrofitting of 400 kV SF6 Circuit Breakers at NTPC,https://ntpctender.ntpc.co.in/NITDetails/NITs/30141,,nit_brief_description,individual_material,Rule 6: Material Lexicon / Technical Specification Pattern,boundary:supply_and_installation,,,
M000886,NTPC Limited,"M2430715563: ELECTRODE-HARD FCNG, TUBULR, 6.3X350-450MM ( 300 kilogram )",,,doc_spec_sentence,individual_material,Rule 4a: Extracted Document Specification Sentence/String,stratum:standard_record,,,
M001819,NTPC Limited,Hiring of Portable DM Plant (Capacity 1000 m3/day) at NTPC Barh for One Year,https://ntpctender.ntpc.co.in/NITDetails/NITs/28889,,nit_brief_description,service_or_works,Rule 3: Service / Works / Maintenance / Hiring Contract,stratum:standard_record,,,
M001493,NTPC Limited,Consultancy Contract for Opportunity Assessment Due Diligence of Overseas Uranium Assets,https://ntpctender.ntpc.co.in/NITDetails/NITs/29726,,nit_brief_description,service_or_works,Rule 3: Service / Works / Maintenance / Hiring Contract,stratum:standard_record,,,
M002447,NTPC Limited,TRANSPORTATION OF COAL FROM MAGADH MINES OF CCL TO NTPC NORTH KARANPURA SUPER THERMAL POWER PROJECT,https://ntpctender.ntpc.co.in/NITDetails/NITs/29008,,nit_brief_description,service_or_works,Rule 3: Service / Works / Maintenance / Hiring Contract,stratum:standard_record,,,
M001187,NTPC Limited,AMC for Inductively Coupled Plasma Mass Spectrophotometer at NTPC Netra,https://ntpctender.ntpc.co.in/NITDetails/NITs/29758,,nit_brief_description,service_or_works,Rule 3: Service / Works / Maintenance / Hiring Contract,stratum:standard_record,,,
M001957,NTPC Limited,Off Site Mechanical Mtc Cat-II,https://ntpctender.ntpc.co.in/NITDetails/NITs/29415,,nit_brief_description,broad_tender_title,Rule 8: Broad Tender Title / Brief Description,stratum:standard_record,,,
M001526,NTPC Limited,"DPR, DE & PMC for Ddoubling of Track from Kotarlia to Lara Project and Augmentation of in-plant Rail Yard including OHE and Signalling & Telecommunication (S&T) Works For Lara STPP-II",https://ntpctender.ntpc.co.in/NITDetails/NITs/28856,,nit_brief_description,broad_tender_title,Rule 8: Broad Tender Title / Brief Description,stratum:standard_record,,,
M000481,Indian Oil Corporation Limited,Ultrapure water dispenser,,data/raw/iocl/tenders/Future_Procurement_Plan25-26.pdf,procurement_plan_item,individual_material,Rule 4c: Procurement Plan Physical Material Item,stratum:standard_record,,,
M000079,Indian Oil Corporation Limited,Bale Film wrapper,,data/raw/iocl/tenders/Future_Procurement_Plan25-26.pdf,procurement_plan_item,individual_material,Rule 4c: Procurement Plan Physical Material Item,stratum:standard_record,,,
M000648,Indian Oil Corporation Limited,S/I/T/C of Transformer at Bamunigaon Daringabadi road Kandhamal,https://iocletenders.nic.in/nicgep/app?component=%24DirectLink_0&page=FrontEndAdvancedSearchResult&service=direct&session=T&sp=SFg%2Fpv3O8mFhKaf3xTwRPIQ%3D%3D,,tender_title,individual_material,Rule 5: Recognized Item Type Hint,stratum:standard_record,,,
M000177,Indian Oil Corporation Limited,FT-NIR Spectrometer,,data/raw/iocl/tenders/Future_Procurement_Plan25-26.pdf,procurement_plan_item,individual_material,Rule 4c: Procurement Plan Physical Material Item,stratum:standard_record,,,
M000526,Indian Oil Corporation Limited,"CONSTRUCTION OF 1 Nos 16 M dia x 15 M HT ATF CR TANK 1 Nos 12M dia x15M HT SKO CR TANK WITH ASSOCIATEDIATED FACILITIES INCLUDING PIPELINE WORKS AND EXISTING 2 NO OF SKO TO ATF CONVERSION WORKS IN PETROLEUM STORAGE TERMINAL DEPOT ,DOIMUKH-ARUNACHAL",https://iocletenders.nic.in/nicgep/app?component=%24DirectLink_0&page=FrontEndAdvancedSearchResult&service=direct&session=T&sp=SN4fYih5eKy530AUfa%2F5Fqg%3D%3D,,tender_title,service_or_works,Rule 3: Service / Works / Maintenance / Hiring Contract,stratum:standard_record,,,
M000518,Indian Oil Corporation Limited,"ARC for Repair and Maintenance of cold Insulation in various units of PNC, Panipat",https://iocletenders.nic.in/nicgep/app?component=%24DirectLink_0&page=FrontEndAdvancedSearchResult&service=direct&session=T&sp=SupEqHus405%2BbjbN7FtdVNA%3D%3D,,tender_title,service_or_works,Rule 3: Service / Works / Maintenance / Hiring Contract,stratum:standard_record,,,
M000713,Indian Oil Corporation Limited,Rate Contract for Maintenance of Office and Guest house of IOCL BGR at Six Mile Guwahati. Address of work location 167 Jayanagar Rd Jaya Nagar Khanapara Guwahati Assam 781022,https://iocletenders.nic.in/nicgep/app?component=%24DirectLink_0&page=FrontEndAdvancedSearchResult&service=direct&session=T&sp=Sg86i9d9Cu%2FsqCYTzJzvrYQ%3D%3D,,work_description,unclassified_or_other,Rule 9: Residual / Unclassified,stratum:standard_record,,,
M003980,Oil India Limited,Hiring of Consultancy Services for CCTV Security Surveillance System for a period of 18 (Eighteen) months,https://www.oil-india.com/tender-details/124?in_detail=NDBHMw==,,archived_tender,service_or_works,Rule 3: Service / Works / Maintenance / Hiring Contract,stratum:standard_record,,,
M020240,Oil India Limited,Phenyle. Phenyle,https://www.oil-india.com/tender-details/124?in_detail=NzBlK3VBPT0=,https://www.oil-india.com/download-tender-document?ten_detail=NzBlK3VDSEw2RXFyMmdHdQ%3D%3D,tender_detail,unclassified_or_other,Rule 9: Residual / Unclassified,stratum:standard_record,,,
M020701,Oil India Limited,SOFT FURNISHING ITEMS,https://www.oil-india.com/tender-details/65?in_detail=NlVhd3ZnPT0=,https://www.oil-india.com/download-tender-document?ten_detail=NlVhd3ZpSEw2RXFyM1FZPQ%3D%3D,tender_detail,unclassified_or_other,Rule 9: Residual / Unclassified,stratum:standard_record,,,
M008528,Oil India Limited,"Construction of Approach road, Development of Plinth, road over plinth and Foundation for location HYA at Well No. NHK.596",https://www.oil-india.com/old-tender?page=968&op=,,historical_tender,service_or_works,Rule 3: Service / Works / Maintenance / Hiring Contract,stratum:standard_record,,,
M014347,Oil India Limited,Pour Point Apparatus. Qty:01 No,https://www.oil-india.com/old-tender?page=807&op=,,historical_tender,individual_material,Rule 6: Material Lexicon / Technical Specification Pattern,stratum:standard_record,,,
